{
  "title": "Airport Ontology",
  "id": "ont_01_airport_ontology",
  "concepts": [
    {
      "qid": "Airport",
      "label": "Airport"
    },
    {
      "qid": "LengthUnit",
      "label": "LengthUnit"
    },
    {
      "qid": "Runway",
      "label": "Runway"
    },
    {
      "qid": "LengthMeasurementUnit",
      "label": "LengthMeasurementUnit"
    },
    {
      "qid": "AngolaInternationalAirport",
      "label": "AngolaInternationalAirport"
    },
    {
      "qid": "RunwayNumber",
      "label": "RunwayNumber"
    },
    {
      "qid": "SurfaceType",
      "label": "SurfaceType"
    },
    {
      "qid": "ArdmoreAirport",
      "label": "ArdmoreAirport"
    },
    {
      "qid": "AndrewsCountyAirport",
      "label": "AndrewsCountyAirport"
    },
    {
      "qid": "LengthInFeet",
      "label": "LengthInFeet"
    },
    {
      "qid": "AmsterdamAirportSchiphol",
      "label": "AmsterdamAirportSchiphol"
    },
    {
      "qid": "AdministrativeDivision",
      "label": "AdministrativeDivision"
    },
    {
      "qid": "Aircraft",
      "label": "Aircraft"
    },
    {
      "qid": "FighterAircraft",
      "label": "FighterAircraft"
    },
    {
      "qid": "Helicopter",
      "label": "Helicopter"
    },
    {
      "qid": "AircraftCarrier",
      "label": "AircraftCarrier"
    },
    {
      "qid": "MilitaryOperation",
      "label": "MilitaryOperation"
    },
    {
      "qid": "ConflictEvent",
      "label": "ConflictEvent"
    },
    {
      "qid": "Place",
      "label": "Place"
    },
    {
      "qid": "City",
      "label": "City"
    },
    {
      "qid": "Organization",
      "label": "Organization"
    },
    {
      "qid": "Person",
      "label": "Person"
    },
    {
      "qid": "Family",
      "label": "Family"
    },
    {
      "qid": "Class",
      "label": "Class"
    },
    {
      "qid": "Location",
      "label": "Location"
    },
    {
      "qid": "Country",
      "label": "Country"
    },
    {
      "qid": "Settlement",
      "label": "Settlement"
    },
    {
      "qid": "Currency",
      "label": "Currency"
    },
    {
      "qid": "EthnolinguisticGroupOrNation",
      "label": "EthnolinguisticGroupOrNation"
    },
    {
      "qid": "Poaceae",
      "label": "Poaceae"
    },
    {
      "qid": "Division",
      "label": "Division"
    },
    {
      "qid": "Aarhus_Airport",
      "label": "Aarhus_Airport"
    },
    {
      "qid": "Elevation",
      "label": "Elevation"
    },
    {
      "qid": "AfonsoPenaInternationalAirport",
      "label": "AfonsoPenaInternationalAirport"
    },
    {
      "qid": "Integer",
      "label": "Integer"
    },
    {
      "qid": "HeightMeasurementUnit",
      "label": "HeightMeasurementUnit"
    },
    {
      "qid": "IATA_Location_Identifier",
      "label": "IATA_Location_Identifier"
    },
    {
      "qid": "IcaoLocationIdentifier",
      "label": "IcaoLocationIdentifier"
    },
    {
      "qid": "AdministrativeRegion",
      "label": "AdministrativeRegion"
    },
    {
      "qid": "JurisdictionalArea",
      "label": "JurisdictionalArea"
    },
    {
      "qid": "Island",
      "label": "Island"
    },
    {
      "qid": "Language",
      "label": "Language"
    },
    {
      "qid": "Monarch",
      "label": "Monarch"
    },
    {
      "qid": "Municipality",
      "label": "Municipality"
    },
    {
      "qid": "PoliticalParty",
      "label": "PoliticalParty"
    },
    {
      "qid": "Title",
      "label": "Title"
    },
    {
      "qid": "Tirstrup",
      "label": "Tirstrup"
    },
    {
      "qid": "IATA_Code",
      "label": "IATA_Code"
    },
    {
      "qid": "Politician",
      "label": "Politician"
    },
    {
      "qid": "Place/Location",
      "label": "Place/Location"
    },
    {
      "qid": "Airports",
      "label": "Airports"
    },
    {
      "qid": "Airlines/Companies",
      "label": "Airlines/Companies"
    },
    {
      "qid": "Order",
      "label": "Order"
    },
    {
      "qid": "GeographicRegion",
      "label": "GeographicRegion"
    },
    {
      "qid": "Length_Unit",
      "label": "Length_Unit"
    },
    {
      "qid": "AarhusAirport",
      "label": "AarhusAirport"
    },
    {
      "qid": "RunwayName",
      "label": "RunwayName"
    },
    {
      "qid": "SurfaceMaterial",
      "label": "SurfaceMaterial"
    },
    {
      "qid": "MilitaryUnit",
      "label": "MilitaryUnit"
    }
  ],
  "relations": [
    {
      "pid": "1stRunwayLengthFeet",
      "label": "1stRunwayLengthFeet",
      "domain": "Airport",
      "range": "LengthUnit"
    },
    {
      "pid": "1stRunwayLengthMetre",
      "label": "1stRunwayLengthMetre",
      "domain": "Runway",
      "range": "LengthMeasurementUnit"
    },
    {
      "pid": "1stRunwayNumber",
      "label": "1stRunwayNumber",
      "domain": "AngolaInternationalAirport",
      "range": "RunwayNumber"
    },
    {
      "pid": "1stRunwaySurfaceType",
      "label": "1stRunwaySurfaceType",
      "domain": "Runway",
      "range": "SurfaceType"
    },
    {
      "pid": "2ndRunwaySurfaceType",
      "label": "2ndRunwaySurfaceType",
      "domain": "Runway",
      "range": "SurfaceType"
    },
    {
      "pid": "3rdRunwayLengthFeet",
      "label": "3rdRunwayLengthFeet",
      "domain": "Runway",
      "range": "LengthMeasurementUnit"
    },
    {
      "pid": "3rdRunwaySurfaceType",
      "label": "3rdRunwaySurfaceType",
      "domain": "ArdmoreAirport",
      "range": "SurfaceType"
    },
    {
      "pid": "4thRunwayLengthFeet",
      "label": "4thRunwayLengthFeet",
      "domain": "AndrewsCountyAirport",
      "range": "LengthInFeet"
    },
    {
      "pid": "4thRunwaySurfaceType",
      "label": "4thRunwaySurfaceType",
      "domain": "Runway",
      "range": "SurfaceType"
    },
    {
      "pid": "5thRunwayNumber",
      "label": "5thRunwayNumber",
      "domain": "AmsterdamAirportSchiphol",
      "range": "RunwayNumber"
    },
    {
      "pid": "5thRunwaySurfaceType",
      "label": "5thRunwaySurfaceType",
      "domain": "Airport",
      "range": "SurfaceType"
    },
    {
      "pid": "administrativeArrondissement",
      "label": "administrativeArrondissement",
      "domain": "AdministrativeDivision",
      "range": "AdministrativeDivision"
    },
    {
      "pid": "aircraftFighter",
      "label": "aircraftFighter",
      "domain": "Aircraft",
      "range": "FighterAircraft"
    },
    {
      "pid": "aircraftHelicopter",
      "label": "aircraftHelicopter",
      "domain": "Aircraft",
      "range": "Helicopter"
    },
    {
      "pid": "attackAircraft",
      "label": "attackAircraft",
      "domain": "AircraftCarrier",
      "range": "Aircraft"
    },
    {
      "pid": "battle",
      "label": "battle",
      "domain": "MilitaryOperation",
      "range": "ConflictEvent"
    },
    {
      "pid": "capital",
      "label": "capital",
      "domain": "Place",
      "range": "City"
    },
    {
      "pid": "chief",
      "label": "chief",
      "domain": "Organization",
      "range": "Person"
    },
    {
      "pid": "city",
      "label": "city",
      "domain": "Airport",
      "range": "City"
    },
    {
      "pid": "cityServed",
      "label": "cityServed",
      "domain": "Airport",
      "range": "City"
    },
    {
      "pid": "class",
      "label": "class",
      "domain": "Family",
      "range": "Class"
    },
    {
      "pid": "country",
      "label": "country",
      "domain": "Location",
      "range": "Country"
    },
    {
      "pid": "countySeat",
      "label": "countySeat",
      "domain": "AdministrativeDivision",
      "range": "Settlement"
    },
    {
      "pid": "currency",
      "label": "currency",
      "domain": "Country",
      "range": "Currency"
    },
    {
      "pid": "demonym",
      "label": "demonym",
      "domain": "Country",
      "range": "EthnolinguisticGroupOrNation"
    },
    {
      "pid": "division",
      "label": "division",
      "domain": "Poaceae",
      "range": "Division"
    },
    {
      "pid": "elevationAboveTheSeaLevel",
      "label": "elevationAboveTheSeaLevel",
      "domain": "Aarhus_Airport",
      "range": "Elevation"
    },
    {
      "pid": "elevationAboveTheSeaLevelInFeet",
      "label": "elevationAboveTheSeaLevelInFeet",
      "domain": "AfonsoPenaInternationalAirport",
      "range": "Integer"
    },
    {
      "pid": "elevationAboveTheSeaLevelInMetres",
      "label": "elevationAboveTheSeaLevelInMetres",
      "domain": "Airport",
      "range": "HeightMeasurementUnit"
    },
    {
      "pid": "headquarter",
      "label": "headquarter",
      "domain": "Organization",
      "range": "Location"
    },
    {
      "pid": "hubAirport",
      "label": "hubAirport",
      "domain": "Airport",
      "range": "Airport"
    },
    {
      "pid": "iataLocationIdentifier",
      "label": "iataLocationIdentifier",
      "domain": "Airport",
      "range": "IATA_Location_Identifier"
    },
    {
      "pid": "icaoLocationIdentifier",
      "label": "icaoLocationIdentifier",
      "domain": "Airport",
      "range": "IcaoLocationIdentifier"
    },
    {
      "pid": "isPartOf",
      "label": "isPartOf",
      "domain": "AdministrativeDivision",
      "range": "AdministrativeDivision"
    },
    {
      "pid": "jurisdiction",
      "label": "jurisdiction",
      "domain": "AdministrativeRegion",
      "range": "JurisdictionalArea"
    },
    {
      "pid": "language",
      "label": "language",
      "domain": "Island",
      "range": "Language"
    },
    {
      "pid": "largestCity",
      "label": "largestCity",
      "domain": "City",
      "range": "City"
    },
    {
      "pid": "leader",
      "label": "leader",
      "domain": "Island",
      "range": "Monarch"
    },
    {
      "pid": "leaderParty",
      "label": "leaderParty",
      "domain": "Municipality",
      "range": "PoliticalParty"
    },
    {
      "pid": "leaderTitle",
      "label": "leaderTitle",
      "domain": "Organization",
      "range": "Title"
    },
    {
      "pid": "location",
      "label": "location",
      "domain": "Aarhus_Airport",
      "range": "Tirstrup"
    },
    {
      "pid": "locationIdentifier",
      "label": "locationIdentifier",
      "domain": "Airport",
      "range": "IATA_Code"
    },
    {
      "pid": "mayor",
      "label": "mayor",
      "domain": "Person",
      "range": "Politician"
    },
    {
      "pid": "nativeName",
      "label": "nativeName",
      "domain": "Airport",
      "range": "Place/Location"
    },
    {
      "pid": "officialLanguage",
      "label": "officialLanguage",
      "domain": "Country",
      "range": "Language"
    },
    {
      "pid": "operatingOrganisation",
      "label": "operatingOrganisation",
      "domain": "Airports",
      "range": "Airlines/Companies"
    },
    {
      "pid": "order",
      "label": "order",
      "domain": "Family",
      "range": "Order"
    },
    {
      "pid": "owner",
      "label": "owner",
      "domain": "Organization",
      "range": "Organization"
    },
    {
      "pid": "regionServed",
      "label": "regionServed",
      "domain": "Organization",
      "range": "GeographicRegion"
    },
    {
      "pid": "runwayLength",
      "label": "runwayLength",
      "domain": "Aarhus_Airport",
      "range": "Length_Unit"
    },
    {
      "pid": "runwayName",
      "label": "runwayName",
      "domain": "AarhusAirport",
      "range": "RunwayName"
    },
    {
      "pid": "runwaySurfaceType",
      "label": "runwaySurfaceType",
      "domain": "Runway",
      "range": "SurfaceMaterial"
    },
    {
      "pid": "transportAircraft",
      "label": "transportAircraft",
      "domain": "Aircraft",
      "range": "MilitaryUnit"
    }
  ]
}