{
  "title": "Artist Ontology",
  "id": "ont_02_artist_ontology",
  "concepts": [
    {
      "qid": "Person",
      "label": "Person"
    },
    {
      "qid": "Year",
      "label": "Year"
    },
    {
      "qid": "Musician",
      "label": "Musician"
    },
    {
      "qid": "AlternativeName",
      "label": "AlternativeName"
    },
    {
      "qid": "Song",
      "label": "Song"
    },
    {
      "qid": "SongTitle",
      "label": "SongTitle"
    },
    {
      "qid": "Artist",
      "label": "Artist"
    },
    {
      "qid": "MusicalGroup",
      "label": "MusicalGroup"
    },
    {
      "qid": "MusicalInstrument",
      "label": "MusicalInstrument"
    },
    {
      "qid": "Band",
      "label": "Band"
    },
    {
      "qid": "Date",
      "label": "Date"
    },
    {
      "qid": "City",
      "label": "City"
    },
    {
      "qid": "Country",
      "label": "Country"
    },
    {
      "qid": "Currency",
      "label": "Currency"
    },
    {
      "qid": "EthnolinguisticGroupOrPopulation",
      "label": "EthnolinguisticGroupOrPopulation"
    },
    {
      "qid": "MusicGenre",
      "label": "MusicGenre"
    },
    {
      "qid": "Organization",
      "label": "Organization"
    },
    {
      "qid": "EthnicGroup",
      "label": "EthnicGroup"
    },
    {
      "qid": "AdministrativeBody",
      "label": "AdministrativeBody"
    },
    {
      "qid": "Location",
      "label": "Location"
    },
    {
      "qid": "Region",
      "label": "Region"
    },
    {
      "qid": "Language",
      "label": "Language"
    },
    {
      "qid": "Title",
      "label": "Title"
    },
    {
      "qid": "GeopoliticalEntity",
      "label": "GeopoliticalEntity"
    },
    {
      "qid": "MusicFusionGenre",
      "label": "MusicFusionGenre"
    },
    {
      "qid": "Genre",
      "label": "Genre"
    },
    {
      "qid": "MusicSubgenre",
      "label": "MusicSubgenre"
    },
    {
      "qid": "Profession/JobTitle",
      "label": "Profession/JobTitle"
    },
    {
      "qid": "Profession/ArtisticProfession",
      "label": "Profession/ArtisticProfession"
    },
    {
      "qid": "RecordLabel",
      "label": "RecordLabel"
    }
  ],
  "relations": [
    {
      "pid": "activeYearsEndYear",
      "label": "activeYearsEndYear",
      "domain": "Person",
      "range": "Year"
    },
    {
      "pid": "activeYearsStartYear",
      "label": "activeYearsStartYear",
      "domain": "Musician",
      "range": "Year"
    },
    {
      "pid": "alternativeName",
      "label": "alternativeName",
      "domain": "Person",
      "range": "AlternativeName"
    },
    {
      "pid": "anthem",
      "label": "anthem",
      "domain": "Song",
      "range": "SongTitle"
    },
    {
      "pid": "associatedBand/associatedMusicalArtist",
      "label": "associatedBand/associatedMusicalArtist",
      "domain": "Artist",
      "range": "MusicalGroup"
    },
    {
      "pid": "background",
      "label": "background",
      "domain": "Person",
      "range": "MusicalInstrument"
    },
    {
      "pid": "bandMember",
      "label": "bandMember",
      "domain": "Musician",
      "range": "Band"
    },
    {
      "pid": "birthDate",
      "label": "birthDate",
      "domain": "Person",
      "range": "Date"
    },
    {
      "pid": "birthPlace",
      "label": "birthPlace",
      "domain": "Person",
      "range": "City"
    },
    {
      "pid": "birthYear",
      "label": "birthYear",
      "domain": "Person",
      "range": "Year"
    },
    {
      "pid": "capital",
      "label": "capital",
      "domain": "City",
      "range": "Country"
    },
    {
      "pid": "country",
      "label": "country",
      "domain": "City",
      "range": "Country"
    },
    {
      "pid": "currency",
      "label": "currency",
      "domain": "Currency",
      "range": "Currency"
    },
    {
      "pid": "deathDate",
      "label": "deathDate",
      "domain": "Person",
      "range": "Date"
    },
    {
      "pid": "deathPlace",
      "label": "deathPlace",
      "domain": "Person",
      "range": "City"
    },
    {
      "pid": "demonym",
      "label": "demonym",
      "domain": "Country",
      "range": "EthnolinguisticGroupOrPopulation"
    },
    {
      "pid": "derivative",
      "label": "derivative",
      "domain": "MusicGenre",
      "range": "MusicGenre"
    },
    {
      "pid": "distributingCompany",
      "label": "distributingCompany",
      "domain": "Organization",
      "range": "Organization"
    },
    {
      "pid": "ethnicGroup",
      "label": "ethnicGroup",
      "domain": "Country",
      "range": "EthnicGroup"
    },
    {
      "pid": "genre",
      "label": "genre",
      "domain": "Artist",
      "range": "MusicGenre"
    },
    {
      "pid": "governingBody",
      "label": "governingBody",
      "domain": "City",
      "range": "AdministrativeBody"
    },
    {
      "pid": "instrument",
      "label": "instrument",
      "domain": "Musician",
      "range": "MusicalInstrument"
    },
    {
      "pid": "isPartOf",
      "label": "isPartOf",
      "domain": "Location",
      "range": "Region"
    },
    {
      "pid": "language",
      "label": "language",
      "domain": "Language",
      "range": "Country"
    },
    {
      "pid": "leader",
      "label": "leader",
      "domain": "Person",
      "range": "Organization"
    },
    {
      "pid": "leaderTitle",
      "label": "leaderTitle",
      "domain": "Organization",
      "range": "Title"
    },
    {
      "pid": "location",
      "label": "location",
      "domain": "Organization",
      "range": "GeopoliticalEntity"
    },
    {
      "pid": "musicFusionGenre",
      "label": "musicFusionGenre",
      "domain": "MusicFusionGenre",
      "range": "Genre"
    },
    {
      "pid": "musicSubgenre",
      "label": "musicSubgenre",
      "domain": "MusicGenre",
      "range": "MusicSubgenre"
    },
    {
      "pid": "nationality",
      "label": "nationality",
      "domain": "Person",
      "range": "Country"
    },
    {
      "pid": "occupation",
      "label": "occupation",
      "domain": "Person",
      "range": "Profession/JobTitle"
    },
    {
      "pid": "officialLanguage",
      "label": "officialLanguage",
      "domain": "Country",
      "range": "Language"
    },
    {
      "pid": "origin",
      "label": "origin",
      "domain": "Person",
      "range": "Location"
    },
    {
      "pid": "parentCompany",
      "label": "parentCompany",
      "domain": "Organization",
      "range": "Organization"
    },
    {
      "pid": "professionalField",
      "label": "professionalField",
      "domain": "Person",
      "range": "Profession/ArtisticProfession"
    },
    {
      "pid": "recordLabel",
      "label": "recordLabel",
      "domain": "Artist",
      "range": "RecordLabel"
    },
    {
      "pid": "stylisticOrigin",
      "label": "stylisticOrigin",
      "domain": "MusicGenre",
      "range": "MusicGenre"
    }
  ]
}