{
  "title": "Astronaut Ontology",
  "id": "ont_03_astronaut_ontology",
  "concepts": [
    {
      "qid": "Organization",
      "label": "Organization"
    },
    {
      "qid": "Person",
      "label": "Person"
    },
    {
      "qid": "EducationalInstitution",
      "label": "EducationalInstitution"
    },
    {
      "qid": "Nickname",
      "label": "Nickname"
    },
    {
      "qid": "Award",
      "label": "Award"
    },
    {
      "qid": "Integer",
      "label": "Integer"
    },
    {
      "qid": "Astronaut",
      "label": "Astronaut"
    },
    {
      "qid": "SpaceMission",
      "label": "SpaceMission"
    },
    {
      "qid": "Bird",
      "label": "Bird"
    },
    {
      "qid": "Location",
      "label": "Location"
    },
    {
      "qid": "Date",
      "label": "Date"
    },
    {
      "qid": "String",
      "label": "String"
    },
    {
      "qid": "Spacecraft",
      "label": "Spacecraft"
    },
    {
      "qid": "SportsTeam",
      "label": "SportsTeam"
    },
    {
      "qid": "SportsLeague",
      "label": "SportsLeague"
    },
    {
      "qid": "Mammal",
      "label": "Mammal"
    },
    {
      "qid": "FossilSite",
      "label": "FossilSite"
    },
    {
      "qid": "Mineral",
      "label": "Mineral"
    },
    {
      "qid": "Gemstone",
      "label": "Gemstone"
    },
    {
      "qid": "Medal",
      "label": "Medal"
    },
    {
      "qid": "AdministrativeRegion",
      "label": "AdministrativeRegion"
    },
    {
      "qid": "Politician",
      "label": "Politician"
    },
    {
      "qid": "University",
      "label": "University"
    },
    {
      "qid": "Symbol",
      "label": "Symbol"
    },
    {
      "qid": "Country",
      "label": "Country"
    },
    {
      "qid": "Occupation",
      "label": "Occupation"
    },
    {
      "qid": "County",
      "label": "County"
    },
    {
      "qid": "State",
      "label": "State"
    },
    {
      "qid": "InstitutionHead",
      "label": "InstitutionHead"
    },
    {
      "qid": "GovernmentOfficialOrRepresentativeOfTerritory",
      "label": "GovernmentOfficialOrRepresentativeOfTerritory"
    },
    {
      "qid": "RibbonAward",
      "label": "RibbonAward"
    },
    {
      "qid": "OrganizationRole",
      "label": "OrganizationRole"
    },
    {
      "qid": "Status",
      "label": "Status"
    },
    {
      "qid": "TimeDuration",
      "label": "TimeDuration"
    },
    {
      "qid": "JobTitle",
      "label": "JobTitle"
    }
  ],
  "relations": [
    {
      "pid": "affiliation",
      "label": "affiliation",
      "domain": "Organization",
      "range": "Organization"
    },
    {
      "pid": "almaMater",
      "label": "almaMater",
      "domain": "Person",
      "range": "EducationalInstitution"
    },
    {
      "pid": "alternativeName",
      "label": "alternativeName",
      "domain": "Person",
      "range": "Nickname"
    },
    {
      "pid": "award",
      "label": "award",
      "domain": "Person",
      "range": "Award"
    },
    {
      "pid": "awards",
      "label": "awards",
      "domain": "Person",
      "range": "Integer"
    },
    {
      "pid": "backupPilot",
      "label": "backupPilot",
      "domain": "Astronaut",
      "range": "SpaceMission"
    },
    {
      "pid": "bird",
      "label": "bird",
      "domain": "Bird",
      "range": "Location"
    },
    {
      "pid": "birthDate",
      "label": "birthDate",
      "domain": "Person",
      "range": "Date"
    },
    {
      "pid": "birthName",
      "label": "birthName",
      "domain": "Person",
      "range": "String"
    },
    {
      "pid": "birthPlace",
      "label": "birthPlace",
      "domain": "Person",
      "range": "Location"
    },
    {
      "pid": "commander",
      "label": "commander",
      "domain": "Astronaut",
      "range": "Spacecraft"
    },
    {
      "pid": "competeIn",
      "label": "competeIn",
      "domain": "SportsTeam",
      "range": "SportsLeague"
    },
    {
      "pid": "crewMembers",
      "label": "crewMembers",
      "domain": "Astronaut",
      "range": "SpaceMission"
    },
    {
      "pid": "dateOfRetirement",
      "label": "dateOfRetirement",
      "domain": "Person",
      "range": "Date"
    },
    {
      "pid": "deathDate",
      "label": "deathDate",
      "domain": "Person",
      "range": "Date"
    },
    {
      "pid": "deathPlace",
      "label": "deathPlace",
      "domain": "Person",
      "range": "Location"
    },
    {
      "pid": "fossil",
      "label": "fossil",
      "domain": "Mammal",
      "range": "FossilSite"
    },
    {
      "pid": "gemstone",
      "label": "gemstone",
      "domain": "Mineral",
      "range": "Gemstone"
    },
    {
      "pid": "higher",
      "label": "higher",
      "domain": "Medal",
      "range": "Medal"
    },
    {
      "pid": "isPartOf",
      "label": "isPartOf",
      "domain": "Location",
      "range": "AdministrativeRegion"
    },
    {
      "pid": "leader",
      "label": "leader",
      "domain": "Person",
      "range": "Politician"
    },
    {
      "pid": "mascot",
      "label": "mascot",
      "domain": "University",
      "range": "Symbol"
    },
    {
      "pid": "mission",
      "label": "mission",
      "domain": "Astronaut",
      "range": "SpaceMission"
    },
    {
      "pid": "nationality",
      "label": "nationality",
      "domain": "Person",
      "range": "Country"
    },
    {
      "pid": "occupation",
      "label": "occupation",
      "domain": "Person",
      "range": "Occupation"
    },
    {
      "pid": "operator",
      "label": "operator",
      "domain": "Spacecraft",
      "range": "Organization"
    },
    {
      "pid": "part",
      "label": "part",
      "domain": "Location",
      "range": "Location"
    },
    {
      "pid": "partsType",
      "label": "partsType",
      "domain": "County",
      "range": "State"
    },
    {
      "pid": "president",
      "label": "president",
      "domain": "Person",
      "range": "InstitutionHead"
    },
    {
      "pid": "representative",
      "label": "representative",
      "domain": "Person",
      "range": "GovernmentOfficialOrRepresentativeOfTerritory"
    },
    {
      "pid": "ribbonAward",
      "label": "ribbonAward",
      "domain": "Astronaut",
      "range": "RibbonAward"
    },
    {
      "pid": "selectedByNasa",
      "label": "selectedByNasa",
      "domain": "Astronaut",
      "range": "SpaceMission"
    },
    {
      "pid": "senators",
      "label": "senators",
      "domain": "Politician",
      "range": "Politician"
    },
    {
      "pid": "servedAsChiefOfTheAstronautOfficeIn",
      "label": "servedAsChiefOfTheAstronautOfficeIn",
      "domain": "Person",
      "range": "OrganizationRole"
    },
    {
      "pid": "status",
      "label": "status",
      "domain": "Person",
      "range": "Status"
    },
    {
      "pid": "timeInSpace",
      "label": "timeInSpace",
      "domain": "Astronaut",
      "range": "TimeDuration"
    },
    {
      "pid": "title",
      "label": "title",
      "domain": "Person",
      "range": "JobTitle"
    }
  ]
}