{
  "title": "Athlete Ontology",
  "id": "ont_04_athlete_ontology",
  "concepts": [
    {
      "qid": "Athlete",
      "label": "Athlete"
    },
    {
      "qid": "Year",
      "label": "Year"
    },
    {
      "qid": "NationalSymbol",
      "label": "NationalSymbol"
    },
    {
      "qid": "Country",
      "label": "Country"
    },
    {
      "qid": "Person",
      "label": "Person"
    },
    {
      "qid": "Date",
      "label": "Date"
    },
    {
      "qid": "Location",
      "label": "Location"
    },
    {
      "qid": "Organization",
      "label": "Organization"
    },
    {
      "qid": "SportsTeam",
      "label": "SportsTeam"
    },
    {
      "qid": "City",
      "label": "City"
    },
    {
      "qid": "Team",
      "label": "Team"
    },
    {
      "qid": "Team/Club",
      "label": "Team/Club"
    },
    {
      "qid": "Currency",
      "label": "Currency"
    },
    {
      "qid": "Footballer",
      "label": "Footballer"
    },
    {
      "qid": "Club",
      "label": "Club"
    },
    {
      "qid": "NFLPlayer",
      "label": "NFLPlayer"
    },
    {
      "qid": "NFLTeam",
      "label": "NFLTeam"
    },
    {
      "qid": "Toponym",
      "label": "Toponym"
    },
    {
      "qid": "DraftPosition",
      "label": "DraftPosition"
    },
    {
      "qid": "DraftRound",
      "label": "DraftRound"
    },
    {
      "qid": "NHL_Team",
      "label": "NHL_Team"
    },
    {
      "qid": "EthnicGroup",
      "label": "EthnicGroup"
    },
    {
      "qid": "Stadium",
      "label": "Stadium"
    },
    {
      "qid": "FootballClub",
      "label": "FootballClub"
    },
    {
      "qid": "HeightMeasurement",
      "label": "HeightMeasurement"
    },
    {
      "qid": "HistoricalPeriod",
      "label": "HistoricalPeriod"
    },
    {
      "qid": "Language",
      "label": "Language"
    },
    {
      "qid": "PoliticalParty",
      "label": "PoliticalParty"
    },
    {
      "qid": "Government",
      "label": "Government"
    },
    {
      "qid": "Title",
      "label": "Title"
    },
    {
      "qid": "FootballTeam",
      "label": "FootballTeam"
    },
    {
      "qid": "League",
      "label": "League"
    },
    {
      "qid": "Integer",
      "label": "Integer"
    },
    {
      "qid": "TeamOwner",
      "label": "TeamOwner"
    },
    {
      "qid": "Season",
      "label": "Season"
    },
    {
      "qid": "SportsVenue",
      "label": "SportsVenue"
    },
    {
      "qid": "WeightMeasurement",
      "label": "WeightMeasurement"
    },
    {
      "qid": "YouthTeam",
      "label": "YouthTeam"
    }
  ],
  "relations": [
    {
      "pid": "activeYearsStartYear",
      "label": "activeYearsStartYear",
      "domain": "Athlete",
      "range": "Year"
    },
    {
      "pid": "anthem",
      "label": "anthem",
      "domain": "NationalSymbol",
      "range": "Country"
    },
    {
      "pid": "birthDate",
      "label": "birthDate",
      "domain": "Person",
      "range": "Date"
    },
    {
      "pid": "birthPlace",
      "label": "birthPlace",
      "domain": "Person",
      "range": "Location"
    },
    {
      "pid": "birthYear",
      "label": "birthYear",
      "domain": "Person",
      "range": "Year"
    },
    {
      "pid": "chairman",
      "label": "chairman",
      "domain": "Person",
      "range": "Organization"
    },
    {
      "pid": "city",
      "label": "city",
      "domain": "SportsTeam",
      "range": "City"
    },
    {
      "pid": "club",
      "label": "club",
      "domain": "Athlete",
      "range": "Team"
    },
    {
      "pid": "coach",
      "label": "coach",
      "domain": "Person",
      "range": "Team/Club"
    },
    {
      "pid": "college",
      "label": "college",
      "domain": "Athlete",
      "range": "Team"
    },
    {
      "pid": "country",
      "label": "country",
      "domain": "Person",
      "range": "Location"
    },
    {
      "pid": "currency",
      "label": "currency",
      "domain": "Currency",
      "range": "Country"
    },
    {
      "pid": "currentclub",
      "label": "currentclub",
      "domain": "Footballer",
      "range": "Club"
    },
    {
      "pid": "currentteam",
      "label": "currentteam",
      "domain": "Athlete",
      "range": "Team"
    },
    {
      "pid": "deathPlace",
      "label": "deathPlace",
      "domain": "Location",
      "range": "Person"
    },
    {
      "pid": "debutTeam",
      "label": "debutTeam",
      "domain": "NFLPlayer",
      "range": "NFLTeam"
    },
    {
      "pid": "demonym",
      "label": "demonym",
      "domain": "Country",
      "range": "Toponym"
    },
    {
      "pid": "draftPick",
      "label": "draftPick",
      "domain": "Athlete",
      "range": "DraftPosition"
    },
    {
      "pid": "draftRound",
      "label": "draftRound",
      "domain": "NFLPlayer",
      "range": "DraftRound"
    },
    {
      "pid": "draftTeam",
      "label": "draftTeam",
      "domain": "Athlete",
      "range": "NHL_Team"
    },
    {
      "pid": "draftYear",
      "label": "draftYear",
      "domain": "Person",
      "range": "Year"
    },
    {
      "pid": "ethnicGroup",
      "label": "ethnicGroup",
      "domain": "EthnicGroup",
      "range": "Country"
    },
    {
      "pid": "formerTeam",
      "label": "formerTeam",
      "domain": "Athlete",
      "range": "Team"
    },
    {
      "pid": "generalManager",
      "label": "generalManager",
      "domain": "Person",
      "range": "Organization"
    },
    {
      "pid": "ground",
      "label": "ground",
      "domain": "Stadium",
      "range": "FootballClub"
    },
    {
      "pid": "height",
      "label": "height",
      "domain": "Person",
      "range": "HeightMeasurement"
    },
    {
      "pid": "isPartOf",
      "label": "isPartOf",
      "domain": "City",
      "range": "HistoricalPeriod"
    },
    {
      "pid": "language",
      "label": "language",
      "domain": "Country",
      "range": "Language"
    },
    {
      "pid": "leader",
      "label": "leader",
      "domain": "Organization",
      "range": "PoliticalParty"
    },
    {
      "pid": "leaderTitle",
      "label": "leaderTitle",
      "domain": "Government",
      "range": "Title"
    },
    {
      "pid": "league",
      "label": "league",
      "domain": "FootballTeam",
      "range": "League"
    },
    {
      "pid": "manager",
      "label": "manager",
      "domain": "Person",
      "range": "Organization"
    },
    {
      "pid": "mostChampions",
      "label": "mostChampions",
      "domain": "Team",
      "range": "Integer"
    },
    {
      "pid": "officialLanguage",
      "label": "officialLanguage",
      "domain": "Country",
      "range": "Language"
    },
    {
      "pid": "owner",
      "label": "owner",
      "domain": "Person",
      "range": "TeamOwner"
    },
    {
      "pid": "playerNumber",
      "label": "playerNumber",
      "domain": "Person",
      "range": "Integer"
    },
    {
      "pid": "position",
      "label": "position",
      "domain": "Team",
      "range": "League"
    },
    {
      "pid": "season",
      "label": "season",
      "domain": "SportsTeam",
      "range": "Season"
    },
    {
      "pid": "stadium",
      "label": "stadium",
      "domain": "SportsVenue",
      "range": "Team"
    },
    {
      "pid": "universityTeam",
      "label": "universityTeam",
      "domain": "Organization",
      "range": "Team"
    },
    {
      "pid": "weight",
      "label": "weight",
      "domain": "Person",
      "range": "WeightMeasurement"
    },
    {
      "pid": "youthclub",
      "label": "youthclub",
      "domain": "Athlete",
      "range": "YouthTeam"
    }
  ]
}