{
  "title": "Building Ontology",
  "id": "ont_05_building_ontology",
  "concepts": [
    {
      "qid": "AsilomarConferenceGrounds",
      "label": "AsilomarConferenceGrounds"
    },
    {
      "qid": "NationalRegisterOfHistoricPlacesReferenceNumber",
      "label": "NationalRegisterOfHistoricPlacesReferenceNumber"
    },
    {
      "qid": "HistoricPlace",
      "label": "HistoricPlace"
    },
    {
      "qid": "Date",
      "label": "Date"
    },
    {
      "qid": "Location",
      "label": "Location"
    },
    {
      "qid": "Address",
      "label": "Address"
    },
    {
      "qid": "Person",
      "label": "Person"
    },
    {
      "qid": "BuildingArchitect",
      "label": "BuildingArchitect"
    },
    {
      "qid": "Building",
      "label": "Building"
    },
    {
      "qid": "ArchitecturalStyle",
      "label": "ArchitecturalStyle"
    },
    {
      "qid": "Hospital",
      "label": "Hospital"
    },
    {
      "qid": "Integer",
      "label": "Integer"
    },
    {
      "qid": "Architect",
      "label": "Architect"
    },
    {
      "qid": "Country",
      "label": "Country"
    },
    {
      "qid": "VenueType",
      "label": "VenueType"
    },
    {
      "qid": "City",
      "label": "City"
    },
    {
      "qid": "EducationalInstitution",
      "label": "EducationalInstitution"
    },
    {
      "qid": "MonetaryAmount",
      "label": "MonetaryAmount"
    },
    {
      "qid": "Currency",
      "label": "Currency"
    },
    {
      "qid": "Organization",
      "label": "Organization"
    },
    {
      "qid": "People",
      "label": "People"
    },
    {
      "qid": "InhabitantsOfCountry",
      "label": "InhabitantsOfCountry"
    },
    {
      "qid": "EthnicGroup",
      "label": "EthnicGroup"
    },
    {
      "qid": "AreaMeasure",
      "label": "AreaMeasure"
    },
    {
      "qid": "FormerNameOfBuilding",
      "label": "FormerNameOfBuilding"
    },
    {
      "qid": "GovernmentAgency",
      "label": "GovernmentAgency"
    },
    {
      "qid": "Government",
      "label": "Government"
    },
    {
      "qid": "TypeOfGovernment",
      "label": "TypeOfGovernment"
    },
    {
      "qid": "MeasurementUnit",
      "label": "MeasurementUnit"
    },
    {
      "qid": "Alan_B_Miller_Hall",
      "label": "Alan_B_Miller_Hall"
    },
    {
      "qid": "Region",
      "label": "Region"
    },
    {
      "qid": "Language",
      "label": "Language"
    },
    {
      "qid": "Title",
      "label": "Title"
    },
    {
      "qid": "StreetAddress",
      "label": "StreetAddress"
    },
    {
      "qid": "GeographicLocation",
      "label": "GeographicLocation"
    },
    {
      "qid": "Hotel",
      "label": "Hotel"
    },
    {
      "qid": "Place",
      "label": "Place"
    },
    {
      "qid": "PostalCodeArea",
      "label": "PostalCodeArea"
    },
    {
      "qid": "AdministrativeRegion",
      "label": "AdministrativeRegion"
    },
    {
      "qid": "ArchitecturalWorkBy",
      "label": "ArchitecturalWorkBy"
    },
    {
      "qid": "Province",
      "label": "Province"
    },
    {
      "qid": "URL",
      "label": "URL"
    },
    {
      "qid": "AsherAndMaryIsabelleRichardsonHouse",
      "label": "AsherAndMaryIsabelleRichardsonHouse"
    },
    {
      "qid": "Year",
      "label": "Year"
    }
  ],
  "relations": [
    {
      "pid": "NationalRegisterOfHistoricPlacesReferenceNumber",
      "label": "NationalRegisterOfHistoricPlacesReferenceNumber",
      "domain": "AsilomarConferenceGrounds",
      "range": "NationalRegisterOfHistoricPlacesReferenceNumber"
    },
    {
      "pid": "addedToTheNationalRegisterOfHistoricPlaces",
      "label": "addedToTheNationalRegisterOfHistoricPlaces",
      "domain": "HistoricPlace",
      "range": "Date"
    },
    {
      "pid": "address",
      "label": "address",
      "domain": "Location",
      "range": "Address"
    },
    {
      "pid": "architect",
      "label": "architect",
      "domain": "Person",
      "range": "BuildingArchitect"
    },
    {
      "pid": "architecturalStyle",
      "label": "architecturalStyle",
      "domain": "Building",
      "range": "ArchitecturalStyle"
    },
    {
      "pid": "architecture",
      "label": "architecture",
      "domain": "Building",
      "range": "ArchitecturalStyle"
    },
    {
      "pid": "bedCount",
      "label": "bedCount",
      "domain": "Hospital",
      "range": "Integer"
    },
    {
      "pid": "birthPlace",
      "label": "birthPlace",
      "domain": "Architect",
      "range": "Country"
    },
    {
      "pid": "buildingStartDate",
      "label": "buildingStartDate",
      "domain": "Building",
      "range": "Date"
    },
    {
      "pid": "buildingType",
      "label": "buildingType",
      "domain": "Building",
      "range": "VenueType"
    },
    {
      "pid": "capital",
      "label": "capital",
      "domain": "City",
      "range": "Country"
    },
    {
      "pid": "chancellor",
      "label": "chancellor",
      "domain": "Person",
      "range": "EducationalInstitution"
    },
    {
      "pid": "completionDate",
      "label": "completionDate",
      "domain": "Building",
      "range": "Date"
    },
    {
      "pid": "cost",
      "label": "cost",
      "domain": "Building",
      "range": "MonetaryAmount"
    },
    {
      "pid": "country",
      "label": "country",
      "domain": "City",
      "range": "Country"
    },
    {
      "pid": "currency",
      "label": "currency",
      "domain": "Country",
      "range": "Currency"
    },
    {
      "pid": "currentTenants",
      "label": "currentTenants",
      "domain": "Organization",
      "range": "Organization"
    },
    {
      "pid": "deathPlace",
      "label": "deathPlace",
      "domain": "Architect",
      "range": "Location"
    },
    {
      "pid": "demonym",
      "label": "demonym",
      "domain": "People",
      "range": "InhabitantsOfCountry"
    },
    {
      "pid": "developer",
      "label": "developer",
      "domain": "Organization",
      "range": "Building"
    },
    {
      "pid": "ethnicGroup",
      "label": "ethnicGroup",
      "domain": "EthnicGroup",
      "range": "Country"
    },
    {
      "pid": "floorArea",
      "label": "floorArea",
      "domain": "Building",
      "range": "AreaMeasure"
    },
    {
      "pid": "floorCount",
      "label": "floorCount",
      "domain": "Building",
      "range": "Integer"
    },
    {
      "pid": "formerName",
      "label": "formerName",
      "domain": "Building",
      "range": "FormerNameOfBuilding"
    },
    {
      "pid": "foundationPlace",
      "label": "foundationPlace",
      "domain": "Organization",
      "range": "Location"
    },
    {
      "pid": "governingBody",
      "label": "governingBody",
      "domain": "Organization",
      "range": "GovernmentAgency"
    },
    {
      "pid": "governmentType",
      "label": "governmentType",
      "domain": "Government",
      "range": "TypeOfGovernment"
    },
    {
      "pid": "height",
      "label": "height",
      "domain": "Building",
      "range": "MeasurementUnit"
    },
    {
      "pid": "inaugurationDate",
      "label": "inaugurationDate",
      "domain": "Alan_B_Miller_Hall",
      "range": "Date"
    },
    {
      "pid": "isPartOf",
      "label": "isPartOf",
      "domain": "Location",
      "range": "Region"
    },
    {
      "pid": "keyPerson",
      "label": "keyPerson",
      "domain": "Person",
      "range": "Organization"
    },
    {
      "pid": "language",
      "label": "language",
      "domain": "Language",
      "range": "Country"
    },
    {
      "pid": "leader",
      "label": "leader",
      "domain": "Person",
      "range": "Organization"
    },
    {
      "pid": "leaderTitle",
      "label": "leaderTitle",
      "domain": "Organization",
      "range": "Title"
    },
    {
      "pid": "location",
      "label": "location",
      "domain": "StreetAddress",
      "range": "GeographicLocation"
    },
    {
      "pid": "numberOfRooms",
      "label": "numberOfRooms",
      "domain": "Hotel",
      "range": "Integer"
    },
    {
      "pid": "origin",
      "label": "origin",
      "domain": "Person",
      "range": "Place"
    },
    {
      "pid": "owner",
      "label": "owner",
      "domain": "Organization",
      "range": "Location"
    },
    {
      "pid": "postalCode",
      "label": "postalCode",
      "domain": "Location",
      "range": "PostalCodeArea"
    },
    {
      "pid": "region",
      "label": "region",
      "domain": "Hospital",
      "range": "AdministrativeRegion"
    },
    {
      "pid": "significantBuilding",
      "label": "significantBuilding",
      "domain": "Building",
      "range": "ArchitecturalWorkBy"
    },
    {
      "pid": "significantProject",
      "label": "significantProject",
      "domain": "Architect",
      "range": "Building"
    },
    {
      "pid": "state",
      "label": "state",
      "domain": "Hospital",
      "range": "Province"
    },
    {
      "pid": "tenant",
      "label": "tenant",
      "domain": "Organization",
      "range": "Building"
    },
    {
      "pid": "website",
      "label": "website",
      "domain": "Organization",
      "range": "URL"
    },
    {
      "pid": "yearOfConstruction",
      "label": "yearOfConstruction",
      "domain": "AsherAndMaryIsabelleRichardsonHouse",
      "range": "Year"
    }
  ]
}