{
  "title": "Celestialbody Ontology",
  "id": "ont_06_celestialbody_ontology",
  "concepts": [
    {
      "qid": "Asteroid",
      "label": "Asteroid"
    },
    {
      "qid": "FloatValue",
      "label": "FloatValue"
    },
    {
      "qid": "Person",
      "label": "Person"
    },
    {
      "qid": "EducationalInstitution",
      "label": "EducationalInstitution"
    },
    {
      "qid": "CelestialBody",
      "label": "CelestialBody"
    },
    {
      "qid": "DistanceMeasure",
      "label": "DistanceMeasure"
    },
    {
      "qid": "SpeedMeasurement",
      "label": "SpeedMeasurement"
    },
    {
      "qid": "Location",
      "label": "Location"
    },
    {
      "qid": "DiseaseOrInjury",
      "label": "DiseaseOrInjury"
    },
    {
      "qid": "(29075) 1950 DA",
      "label": "(29075) 1950 DA"
    },
    {
      "qid": "PhysicalQuantity",
      "label": "PhysicalQuantity"
    },
    {
      "qid": "Date",
      "label": "Date"
    },
    {
      "qid": "Astronomer",
      "label": "Astronomer"
    },
    {
      "qid": "AstronomicalObject",
      "label": "AstronomicalObject"
    },
    {
      "qid": "VelocityUnit",
      "label": "VelocityUnit"
    },
    {
      "qid": "FormerNameOfAsteroid",
      "label": "FormerNameOfAsteroid"
    },
    {
      "qid": "MassUnit",
      "label": "MassUnit"
    },
    {
      "qid": "Vehicle",
      "label": "Vehicle"
    },
    {
      "qid": "TemperatureMeasurementUnit",
      "label": "TemperatureMeasurementUnit"
    },
    {
      "qid": "Country",
      "label": "Country"
    },
    {
      "qid": "(15788) 1993 SB",
      "label": "(15788) 1993 SB"
    },
    {
      "qid": "TimeDuration",
      "label": "TimeDuration"
    },
    {
      "qid": "QuantityValue",
      "label": "QuantityValue"
    },
    {
      "qid": "TimeUnit",
      "label": "TimeUnit"
    },
    {
      "qid": "AreaMeasure",
      "label": "AreaMeasure"
    },
    {
      "qid": "TemperatureMeasurement",
      "label": "TemperatureMeasurement"
    }
  ],
  "relations": [
    {
      "pid": "absoluteMagnitude",
      "label": "absoluteMagnitude",
      "domain": "Asteroid",
      "range": "FloatValue"
    },
    {
      "pid": "almaMater",
      "label": "almaMater",
      "domain": "Person",
      "range": "EducationalInstitution"
    },
    {
      "pid": "apoapsis",
      "label": "apoapsis",
      "domain": "CelestialBody",
      "range": "DistanceMeasure"
    },
    {
      "pid": "averageSpeed",
      "label": "averageSpeed",
      "domain": "Asteroid",
      "range": "SpeedMeasurement"
    },
    {
      "pid": "birthPlace",
      "label": "birthPlace",
      "domain": "Person",
      "range": "Location"
    },
    {
      "pid": "deathCause",
      "label": "deathCause",
      "domain": "Person",
      "range": "DiseaseOrInjury"
    },
    {
      "pid": "deathPlace",
      "label": "deathPlace",
      "domain": "Person",
      "range": "Location"
    },
    {
      "pid": "density",
      "label": "density",
      "domain": "(29075) 1950 DA",
      "range": "PhysicalQuantity"
    },
    {
      "pid": "discovered",
      "label": "discovered",
      "domain": "Person",
      "range": "Date"
    },
    {
      "pid": "discoverer",
      "label": "discoverer",
      "domain": "Astronomer",
      "range": "Asteroid"
    },
    {
      "pid": "doctoralStudent",
      "label": "doctoralStudent",
      "domain": "Person",
      "range": "Person"
    },
    {
      "pid": "epoch",
      "label": "epoch",
      "domain": "AstronomicalObject",
      "range": "Date"
    },
    {
      "pid": "escapeVelocity",
      "label": "escapeVelocity",
      "domain": "CelestialBody",
      "range": "VelocityUnit"
    },
    {
      "pid": "formerName",
      "label": "formerName",
      "domain": "Asteroid",
      "range": "FormerNameOfAsteroid"
    },
    {
      "pid": "mass",
      "label": "mass",
      "domain": "AstronomicalObject",
      "range": "MassUnit"
    },
    {
      "pid": "maximumTemperature",
      "label": "maximumTemperature",
      "domain": "Vehicle",
      "range": "TemperatureMeasurementUnit"
    },
    {
      "pid": "meanTemperature",
      "label": "meanTemperature",
      "domain": "Asteroid",
      "range": "TemperatureMeasurementUnit"
    },
    {
      "pid": "minimumTemperature",
      "label": "minimumTemperature",
      "domain": "Asteroid",
      "range": "TemperatureMeasurementUnit"
    },
    {
      "pid": "nationality",
      "label": "nationality",
      "domain": "Person",
      "range": "Country"
    },
    {
      "pid": "orbitalPeriod",
      "label": "orbitalPeriod",
      "domain": "(15788) 1993 SB",
      "range": "TimeDuration"
    },
    {
      "pid": "periapsis",
      "label": "periapsis",
      "domain": "CelestialBody",
      "range": "QuantityValue"
    },
    {
      "pid": "rotationPeriod",
      "label": "rotationPeriod",
      "domain": "(29075) 1950 DA",
      "range": "TimeUnit"
    },
    {
      "pid": "stateOfOrigin",
      "label": "stateOfOrigin",
      "domain": "Person",
      "range": "Country"
    },
    {
      "pid": "surfaceArea",
      "label": "surfaceArea",
      "domain": "Asteroid",
      "range": "AreaMeasure"
    },
    {
      "pid": "temperature",
      "label": "temperature",
      "domain": "Asteroid",
      "range": "TemperatureMeasurement"
    }
  ]
}