{
  "title": "City Ontology",
  "id": "ont_07_city_ontology",
  "concepts": [
    {
      "qid": "City",
      "label": "City"
    },
    {
      "qid": "String",
      "label": "String"
    },
    {
      "qid": "GeographicArea",
      "label": "GeographicArea"
    },
    {
      "qid": "AreaOfWater",
      "label": "AreaOfWater"
    },
    {
      "qid": "Area",
      "label": "Area"
    },
    {
      "qid": "Politician",
      "label": "Politician"
    },
    {
      "qid": "PoliticalParty",
      "label": "PoliticalParty"
    },
    {
      "qid": "Country",
      "label": "Country"
    },
    {
      "qid": "County",
      "label": "County"
    },
    {
      "qid": "Person",
      "label": "Person"
    },
    {
      "qid": "Nationality",
      "label": "Nationality"
    },
    {
      "qid": "Location",
      "label": "Location"
    },
    {
      "qid": "HeightMeasurement",
      "label": "HeightMeasurement"
    },
    {
      "qid": "AfricanAmerican",
      "label": "AfricanAmerican"
    },
    {
      "qid": "EthnicGroup",
      "label": "EthnicGroup"
    },
    {
      "qid": "Organization",
      "label": "Organization"
    },
    {
      "qid": "AdministrativeDivision",
      "label": "AdministrativeDivision"
    },
    {
      "qid": "Language",
      "label": "Language"
    },
    {
      "qid": "Title",
      "label": "Title"
    },
    {
      "qid": "Leader",
      "label": "Leader"
    },
    {
      "qid": "Building",
      "label": "Building"
    },
    {
      "qid": "Quantity",
      "label": "Quantity"
    },
    {
      "qid": "PopulationCount",
      "label": "PopulationCount"
    },
    {
      "qid": "PostalCode",
      "label": "PostalCode"
    },
    {
      "qid": "Timezone",
      "label": "Timezone"
    }
  ],
  "relations": [
    {
      "pid": "areaCode",
      "label": "areaCode",
      "domain": "City",
      "range": "String"
    },
    {
      "pid": "areaOfLand",
      "label": "areaOfLand",
      "domain": "City",
      "range": "GeographicArea"
    },
    {
      "pid": "areaOfWater",
      "label": "areaOfWater",
      "domain": "City",
      "range": "AreaOfWater"
    },
    {
      "pid": "areaTotal",
      "label": "areaTotal",
      "domain": "City",
      "range": "Area"
    },
    {
      "pid": "capital",
      "label": "capital",
      "domain": "City",
      "range": "City"
    },
    {
      "pid": "chairperson",
      "label": "chairperson",
      "domain": "Politician",
      "range": "PoliticalParty"
    },
    {
      "pid": "country",
      "label": "country",
      "domain": "City",
      "range": "Country"
    },
    {
      "pid": "countySeat",
      "label": "countySeat",
      "domain": "City",
      "range": "County"
    },
    {
      "pid": "demonym",
      "label": "demonym",
      "domain": "Person",
      "range": "Nationality"
    },
    {
      "pid": "elevationAboveTheSeaLevel",
      "label": "elevationAboveTheSeaLevel",
      "domain": "Location",
      "range": "HeightMeasurement"
    },
    {
      "pid": "ethnicGroup",
      "label": "ethnicGroup",
      "domain": "AfricanAmerican",
      "range": "EthnicGroup"
    },
    {
      "pid": "headquarter",
      "label": "headquarter",
      "domain": "Organization",
      "range": "Location"
    },
    {
      "pid": "isPartOf",
      "label": "isPartOf",
      "domain": "Location",
      "range": "AdministrativeDivision"
    },
    {
      "pid": "language",
      "label": "language",
      "domain": "Language",
      "range": "Location"
    },
    {
      "pid": "largestCity",
      "label": "largestCity",
      "domain": "City",
      "range": "City"
    },
    {
      "pid": "leader",
      "label": "leader",
      "domain": "Person",
      "range": "Politician"
    },
    {
      "pid": "leaderTitle",
      "label": "leaderTitle",
      "domain": "Title",
      "range": "Leader"
    },
    {
      "pid": "location",
      "label": "location",
      "domain": "Building",
      "range": "Location"
    },
    {
      "pid": "populationDensity",
      "label": "populationDensity",
      "domain": "City",
      "range": "Quantity"
    },
    {
      "pid": "populationTotal",
      "label": "populationTotal",
      "domain": "City",
      "range": "PopulationCount"
    },
    {
      "pid": "postalCode",
      "label": "postalCode",
      "domain": "City",
      "range": "PostalCode"
    },
    {
      "pid": "state",
      "label": "state",
      "domain": "Location",
      "range": "AdministrativeDivision"
    },
    {
      "pid": "utcOffset",
      "label": "utcOffset",
      "domain": "Location",
      "range": "Timezone"
    }
  ]
}