{
  "title": "Ontology Ontology",
  "id": "ont_comicscharacter_ontology",
  "concepts": [
    {
      "qid": "ComicCharacter",
      "label": "ComicCharacter"
    },
    {
      "qid": "AlternativeName",
      "label": "AlternativeName"
    },
    {
      "qid": "Person",
      "label": "Person"
    },
    {
      "qid": "Award",
      "label": "Award"
    },
    {
      "qid": "CityOrTown",
      "label": "CityOrTown"
    },
    {
      "qid": "Superhero",
      "label": "Superhero"
    },
    {
      "qid": "TelevisionNetwork",
      "label": "TelevisionNetwork"
    },
    {
      "qid": "Building",
      "label": "Building"
    },
    {
      "qid": "City",
      "label": "City"
    },
    {
      "qid": "ComicBookCharacter",
      "label": "ComicBookCharacter"
    },
    {
      "qid": "FilmProductionCompany",
      "label": "FilmProductionCompany"
    },
    {
      "qid": "Movie",
      "label": "Movie"
    },
    {
      "qid": "TVShow",
      "label": "TVShow"
    },
    {
      "qid": "Date",
      "label": "Date"
    },
    {
      "qid": "Film",
      "label": "Film"
    },
    {
      "qid": "Character",
      "label": "Character"
    },
    {
      "qid": "Organization",
      "label": "Organization"
    },
    {
      "qid": "String",
      "label": "String"
    },
    {
      "qid": "Country",
      "label": "Country"
    },
    {
      "qid": "Product",
      "label": "Product"
    },
    {
      "qid": "Series",
      "label": "Series"
    },
    {
      "qid": "Actor",
      "label": "Actor"
    },
    {
      "qid": "AnimatedCharacter",
      "label": "AnimatedCharacter"
    }
  ],
  "relations": [
    {
      "pid": "alternativeName",
      "label": "alternativeName",
      "domain": "ComicCharacter",
      "range": "AlternativeName"
    },
    {
      "pid": "award",
      "label": "award",
      "domain": "Person",
      "range": "Award"
    },
    {
      "pid": "birthPlace",
      "label": "birthPlace",
      "domain": "Person",
      "range": "CityOrTown"
    },
    {
      "pid": "broadcastedBy",
      "label": "broadcastedBy",
      "domain": "Superhero",
      "range": "TelevisionNetwork"
    },
    {
      "pid": "child",
      "label": "child",
      "domain": "Person",
      "range": "Person"
    },
    {
      "pid": "city",
      "label": "city",
      "domain": "Building",
      "range": "City"
    },
    {
      "pid": "creator",
      "label": "creator",
      "domain": "Person",
      "range": "ComicBookCharacter"
    },
    {
      "pid": "distributor",
      "label": "distributor",
      "domain": "FilmProductionCompany",
      "range": "Movie"
    },
    {
      "pid": "firstAired",
      "label": "firstAired",
      "domain": "TVShow",
      "range": "Date"
    },
    {
      "pid": "firstAppearanceInFilm",
      "label": "firstAppearanceInFilm",
      "domain": "Film",
      "range": "Character"
    },
    {
      "pid": "foundedBy",
      "label": "foundedBy",
      "domain": "Organization",
      "range": "Person"
    },
    {
      "pid": "fullName",
      "label": "fullName",
      "domain": "Person",
      "range": "String"
    },
    {
      "pid": "keyPerson",
      "label": "keyPerson",
      "domain": "Person",
      "range": "Organization"
    },
    {
      "pid": "lastAired",
      "label": "lastAired",
      "domain": "TVShow",
      "range": "Date"
    },
    {
      "pid": "nationality",
      "label": "nationality",
      "domain": "Person",
      "range": "Country"
    },
    {
      "pid": "product",
      "label": "product",
      "domain": "Organization",
      "range": "Product"
    },
    {
      "pid": "series",
      "label": "series",
      "domain": "Character",
      "range": "Series"
    },
    {
      "pid": "starring",
      "label": "starring",
      "domain": "Actor",
      "range": "ComicBookCharacter"
    },
    {
      "pid": "voice",
      "label": "voice",
      "domain": "Actor",
      "range": "AnimatedCharacter"
    }
  ]
}