{
  "title": "Company Ontology",
  "id": "ont_09_company_ontology",
  "concepts": [
    {
      "qid": "Person",
      "label": "Person"
    },
    {
      "qid": "AlternativeName",
      "label": "AlternativeName"
    },
    {
      "qid": "Country",
      "label": "Country"
    },
    {
      "qid": "AreaValue",
      "label": "AreaValue"
    },
    {
      "qid": "City",
      "label": "City"
    },
    {
      "qid": "Area",
      "label": "Area"
    },
    {
      "qid": "Date",
      "label": "Date"
    },
    {
      "qid": "Organization",
      "label": "Organization"
    },
    {
      "qid": "Building",
      "label": "Building"
    },
    {
      "qid": "MonetaryAmount",
      "label": "MonetaryAmount"
    },
    {
      "qid": "EthnicGroup",
      "label": "EthnicGroup"
    },
    {
      "qid": "Subgrouping",
      "label": "Subgrouping"
    },
    {
      "qid": "AdministrativeRegion",
      "label": "AdministrativeRegion"
    },
    {
      "qid": "Government",
      "label": "Government"
    },
    {
      "qid": "PoliticalSystem",
      "label": "PoliticalSystem"
    },
    {
      "qid": "IndustryType",
      "label": "IndustryType"
    },
    {
      "qid": "Location",
      "label": "Location"
    },
    {
      "qid": "Region",
      "label": "Region"
    },
    {
      "qid": "Company",
      "label": "Company"
    },
    {
      "qid": "Language",
      "label": "Language"
    },
    {
      "qid": "Municipality",
      "label": "Municipality"
    },
    {
      "qid": "PoliticalParty",
      "label": "PoliticalParty"
    },
    {
      "qid": "OfficialTitle",
      "label": "OfficialTitle"
    },
    {
      "qid": "GeographicLocation",
      "label": "GeographicLocation"
    },
    {
      "qid": "String",
      "label": "String"
    },
    {
      "qid": "Phrase",
      "label": "Phrase"
    },
    {
      "qid": "FinancialOrganization",
      "label": "FinancialOrganization"
    },
    {
      "qid": "NonNegativeInteger",
      "label": "NonNegativeInteger"
    },
    {
      "qid": "FinancialInstitution",
      "label": "FinancialInstitution"
    },
    {
      "qid": "Integer",
      "label": "Integer"
    },
    {
      "qid": "AmeriGas",
      "label": "AmeriGas"
    },
    {
      "qid": "PercentageValue",
      "label": "PercentageValue"
    },
    {
      "qid": "Quantity",
      "label": "Quantity"
    },
    {
      "qid": "Number",
      "label": "Number"
    },
    {
      "qid": "Product",
      "label": "Product"
    },
    {
      "qid": "ServiceOffered",
      "label": "ServiceOffered"
    },
    {
      "qid": "TimeZone",
      "label": "TimeZone"
    },
    {
      "qid": "FinancialEntityType",
      "label": "FinancialEntityType"
    }
  ],
  "relations": [
    {
      "pid": "alternativeName",
      "label": "alternativeName",
      "domain": "Person",
      "range": "AlternativeName"
    },
    {
      "pid": "areaTotal",
      "label": "areaTotal",
      "domain": "Country",
      "range": "AreaValue"
    },
    {
      "pid": "areaUrban",
      "label": "areaUrban",
      "domain": "City",
      "range": "Area"
    },
    {
      "pid": "birthDate",
      "label": "birthDate",
      "domain": "Person",
      "range": "Date"
    },
    {
      "pid": "capital",
      "label": "capital",
      "domain": "City",
      "range": "Country"
    },
    {
      "pid": "city",
      "label": "city",
      "domain": "Organization",
      "range": "City"
    },
    {
      "pid": "cost",
      "label": "cost",
      "domain": "Building",
      "range": "MonetaryAmount"
    },
    {
      "pid": "country",
      "label": "country",
      "domain": "Organization",
      "range": "Country"
    },
    {
      "pid": "ethnicGroup",
      "label": "ethnicGroup",
      "domain": "EthnicGroup",
      "range": "Subgrouping"
    },
    {
      "pid": "foundationPlace",
      "label": "foundationPlace",
      "domain": "Organization",
      "range": "AdministrativeRegion"
    },
    {
      "pid": "foundingDate",
      "label": "foundingDate",
      "domain": "Organization",
      "range": "Date"
    },
    {
      "pid": "governmentType",
      "label": "governmentType",
      "domain": "Government",
      "range": "PoliticalSystem"
    },
    {
      "pid": "industry",
      "label": "industry",
      "domain": "Organization",
      "range": "IndustryType"
    },
    {
      "pid": "isPartOf",
      "label": "isPartOf",
      "domain": "Location",
      "range": "Region"
    },
    {
      "pid": "keyPerson",
      "label": "keyPerson",
      "domain": "Company",
      "range": "Person"
    },
    {
      "pid": "language",
      "label": "language",
      "domain": "Company",
      "range": "Language"
    },
    {
      "pid": "leader",
      "label": "leader",
      "domain": "Person",
      "range": "Organization"
    },
    {
      "pid": "leaderParty",
      "label": "leaderParty",
      "domain": "Municipality",
      "range": "PoliticalParty"
    },
    {
      "pid": "leaderTitle",
      "label": "leaderTitle",
      "domain": "Person",
      "range": "OfficialTitle"
    },
    {
      "pid": "location",
      "label": "location",
      "domain": "Organization",
      "range": "GeographicLocation"
    },
    {
      "pid": "longName",
      "label": "longName",
      "domain": "Country",
      "range": "String"
    },
    {
      "pid": "motto",
      "label": "motto",
      "domain": "Country",
      "range": "Phrase"
    },
    {
      "pid": "netIncome",
      "label": "netIncome",
      "domain": "Company",
      "range": "MonetaryAmount"
    },
    {
      "pid": "numberOfEmployees",
      "label": "numberOfEmployees",
      "domain": "FinancialOrganization",
      "range": "NonNegativeInteger"
    },
    {
      "pid": "numberOfLocations",
      "label": "numberOfLocations",
      "domain": "FinancialInstitution",
      "range": "Integer"
    },
    {
      "pid": "officialLanguage",
      "label": "officialLanguage",
      "domain": "Country",
      "range": "Language"
    },
    {
      "pid": "operatingIncome",
      "label": "operatingIncome",
      "domain": "AmeriGas",
      "range": "MonetaryAmount"
    },
    {
      "pid": "parentCompany",
      "label": "parentCompany",
      "domain": "Company",
      "range": "Company"
    },
    {
      "pid": "part",
      "label": "part",
      "domain": "Location",
      "range": "Location"
    },
    {
      "pid": "percentageOfAreaWater",
      "label": "percentageOfAreaWater",
      "domain": "Country",
      "range": "PercentageValue"
    },
    {
      "pid": "populationDensity",
      "label": "populationDensity",
      "domain": "Country",
      "range": "Quantity"
    },
    {
      "pid": "populationTotal",
      "label": "populationTotal",
      "domain": "Location",
      "range": "Number"
    },
    {
      "pid": "product",
      "label": "product",
      "domain": "Company",
      "range": "Product"
    },
    {
      "pid": "regionServed",
      "label": "regionServed",
      "domain": "Company",
      "range": "Country"
    },
    {
      "pid": "revenue",
      "label": "revenue",
      "domain": "Company",
      "range": "MonetaryAmount"
    },
    {
      "pid": "service",
      "label": "service",
      "domain": "FinancialInstitution",
      "range": "ServiceOffered"
    },
    {
      "pid": "subsidiary",
      "label": "subsidiary",
      "domain": "Organization",
      "range": "Organization"
    },
    {
      "pid": "timeZone",
      "label": "timeZone",
      "domain": "Location",
      "range": "TimeZone"
    },
    {
      "pid": "type",
      "label": "type",
      "domain": "Company",
      "range": "FinancialEntityType"
    }
  ]
}