{
  "title": "Food Ontology",
  "id": "ont_10_food_ontology",
  "concepts": [
    {
      "qid": "Dish",
      "label": "Dish"
    },
    {
      "qid": "Synonym",
      "label": "Synonym"
    },
    {
      "qid": "Country",
      "label": "Country"
    },
    {
      "qid": "City",
      "label": "City"
    },
    {
      "qid": "Food",
      "label": "Food"
    },
    {
      "qid": "Quantity",
      "label": "Quantity"
    },
    {
      "qid": "Bird",
      "label": "Bird"
    },
    {
      "qid": "Class",
      "label": "Class"
    },
    {
      "qid": "ItalianMeal",
      "label": "ItalianMeal"
    },
    {
      "qid": "Course",
      "label": "Course"
    },
    {
      "qid": "Recipe",
      "label": "Recipe"
    },
    {
      "qid": "Person",
      "label": "Person"
    },
    {
      "qid": "Cuisine",
      "label": "Cuisine"
    },
    {
      "qid": "Currency",
      "label": "Currency"
    },
    {
      "qid": "Nationality",
      "label": "Nationality"
    },
    {
      "qid": "DishVariation",
      "label": "DishVariation"
    },
    {
      "qid": "Ingredient",
      "label": "Ingredient"
    },
    {
      "qid": "Plant",
      "label": "Plant"
    },
    {
      "qid": "FloweringPlant",
      "label": "FloweringPlant"
    },
    {
      "qid": "EthnicGroup",
      "label": "EthnicGroup"
    },
    {
      "qid": "Location",
      "label": "Location"
    },
    {
      "qid": "Family",
      "label": "Family"
    },
    {
      "qid": "Nutrient",
      "label": "Nutrient"
    },
    {
      "qid": "Organization",
      "label": "Organization"
    },
    {
      "qid": "TaxonomicGenus",
      "label": "TaxonomicGenus"
    },
    {
      "qid": "AdministrativeRegion",
      "label": "AdministrativeRegion"
    },
    {
      "qid": "Language",
      "label": "Language"
    },
    {
      "qid": "Title",
      "label": "Title"
    },
    {
      "qid": "LanguageVariety",
      "label": "LanguageVariety"
    },
    {
      "qid": "Order",
      "label": "Order"
    },
    {
      "qid": "Region",
      "label": "Region"
    },
    {
      "qid": "BakewellPudding",
      "label": "BakewellPudding"
    },
    {
      "qid": "TemperatureState",
      "label": "TemperatureState"
    },
    {
      "qid": "FoodProduct",
      "label": "FoodProduct"
    },
    {
      "qid": "MeasurementUnit",
      "label": "MeasurementUnit"
    },
    {
      "qid": "Temperature",
      "label": "Temperature"
    },
    {
      "qid": "Product",
      "label": "Product"
    },
    {
      "qid": "Year",
      "label": "Year"
    }
  ],
  "relations": [
    {
      "pid": "alternativeName",
      "label": "alternativeName",
      "domain": "Dish",
      "range": "Synonym"
    },
    {
      "pid": "capital",
      "label": "capital",
      "domain": "Country",
      "range": "City"
    },
    {
      "pid": "carbohydrate",
      "label": "carbohydrate",
      "domain": "Food",
      "range": "Quantity"
    },
    {
      "pid": "class",
      "label": "class",
      "domain": "Bird",
      "range": "Class"
    },
    {
      "pid": "country",
      "label": "country",
      "domain": "Country",
      "range": "Country"
    },
    {
      "pid": "course",
      "label": "course",
      "domain": "ItalianMeal",
      "range": "Course"
    },
    {
      "pid": "creator",
      "label": "creator",
      "domain": "Recipe",
      "range": "Person"
    },
    {
      "pid": "creatorOfDish",
      "label": "creatorOfDish",
      "domain": "Dish",
      "range": "Cuisine"
    },
    {
      "pid": "currency",
      "label": "currency",
      "domain": "Country",
      "range": "Currency"
    },
    {
      "pid": "demonym",
      "label": "demonym",
      "domain": "Person",
      "range": "Nationality"
    },
    {
      "pid": "dishVariation",
      "label": "dishVariation",
      "domain": "DishVariation",
      "range": "Ingredient"
    },
    {
      "pid": "division",
      "label": "division",
      "domain": "Plant",
      "range": "FloweringPlant"
    },
    {
      "pid": "ethnicGroup",
      "label": "ethnicGroup",
      "domain": "EthnicGroup",
      "range": "Location"
    },
    {
      "pid": "family",
      "label": "family",
      "domain": "Plant",
      "range": "Family"
    },
    {
      "pid": "fat",
      "label": "fat",
      "domain": "Food",
      "range": "Nutrient"
    },
    {
      "pid": "foundationPlace",
      "label": "foundationPlace",
      "domain": "Organization",
      "range": "City"
    },
    {
      "pid": "genus",
      "label": "genus",
      "domain": "Plant",
      "range": "TaxonomicGenus"
    },
    {
      "pid": "ingredient",
      "label": "ingredient",
      "domain": "Recipe",
      "range": "Ingredient"
    },
    {
      "pid": "isPartOf",
      "label": "isPartOf",
      "domain": "Location",
      "range": "AdministrativeRegion"
    },
    {
      "pid": "language",
      "label": "language",
      "domain": "Language",
      "range": "Country"
    },
    {
      "pid": "leader",
      "label": "leader",
      "domain": "Person",
      "range": "Organization"
    },
    {
      "pid": "leaderTitle",
      "label": "leaderTitle",
      "domain": "Person",
      "range": "Title"
    },
    {
      "pid": "mainIngredient",
      "label": "mainIngredient",
      "domain": "Ingredient",
      "range": "Dish"
    },
    {
      "pid": "officialLanguage",
      "label": "officialLanguage",
      "domain": "Country",
      "range": "LanguageVariety"
    },
    {
      "pid": "order",
      "label": "order",
      "domain": "Family",
      "range": "Order"
    },
    {
      "pid": "protein",
      "label": "protein",
      "domain": "Food",
      "range": "Nutrient"
    },
    {
      "pid": "region",
      "label": "region",
      "domain": "Region",
      "range": "Food"
    },
    {
      "pid": "related",
      "label": "related",
      "domain": "Dish",
      "range": "Dish"
    },
    {
      "pid": "served",
      "label": "served",
      "domain": "BakewellPudding",
      "range": "TemperatureState"
    },
    {
      "pid": "servingSize",
      "label": "servingSize",
      "domain": "FoodProduct",
      "range": "MeasurementUnit"
    },
    {
      "pid": "servingTemperature",
      "label": "servingTemperature",
      "domain": "BakewellPudding",
      "range": "Temperature"
    },
    {
      "pid": "similarDish",
      "label": "similarDish",
      "domain": "Dish",
      "range": "Dish"
    },
    {
      "pid": "year",
      "label": "year",
      "domain": "Product",
      "range": "Year"
    }
  ]
}