{
  "title": "Meanoftransportation Ontology",
  "id": "ont_11_meanoftransportation_ontology",
  "concepts": [
    {
      "qid": "Service",
      "label": "Service"
    },
    {
      "qid": "Date",
      "label": "Date"
    },
    {
      "qid": "Vehicle",
      "label": "Vehicle"
    },
    {
      "qid": "AlternativeName",
      "label": "AlternativeName"
    },
    {
      "qid": "Song",
      "label": "Song"
    },
    {
      "qid": "Anthem",
      "label": "Anthem"
    },
    {
      "qid": "Location",
      "label": "Location"
    },
    {
      "qid": "LaunchPad",
      "label": "LaunchPad"
    },
    {
      "qid": "Rocket",
      "label": "Rocket"
    },
    {
      "qid": "BodyType",
      "label": "BodyType"
    },
    {
      "qid": "Locomotive",
      "label": "Locomotive"
    },
    {
      "qid": "DateInterval",
      "label": "DateInterval"
    },
    {
      "qid": "Shipyard",
      "label": "Shipyard"
    },
    {
      "qid": "Vessel",
      "label": "Vessel"
    },
    {
      "qid": "Country",
      "label": "Country"
    },
    {
      "qid": "City",
      "label": "City"
    },
    {
      "qid": "Ship",
      "label": "Ship"
    },
    {
      "qid": "Organization",
      "label": "Organization"
    },
    {
      "qid": "CarType",
      "label": "CarType"
    },
    {
      "qid": "ARA_Veinticinco_de_Mayo",
      "label": "ARA_Veinticinco_de_Mayo"
    },
    {
      "qid": "Aircraft",
      "label": "Aircraft"
    },
    {
      "qid": "ALCO_RS_3",
      "label": "ALCO_RS_3"
    },
    {
      "qid": "Integer",
      "label": "Integer"
    },
    {
      "qid": "Person",
      "label": "Person"
    },
    {
      "qid": "CitizenOfCountry",
      "label": "CitizenOfCountry"
    },
    {
      "qid": "Company",
      "label": "Company"
    },
    {
      "qid": "AutomobileDesign",
      "label": "AutomobileDesign"
    },
    {
      "qid": "AutomobileModel",
      "label": "AutomobileModel"
    },
    {
      "qid": "LengthMeasurementUnit",
      "label": "LengthMeasurementUnit"
    },
    {
      "qid": "EngineType",
      "label": "EngineType"
    },
    {
      "qid": "EthnicGroup",
      "label": "EthnicGroup"
    },
    {
      "qid": "SubgroupOfUSPopulation",
      "label": "SubgroupOfUSPopulation"
    },
    {
      "qid": "Spacecraft",
      "label": "Spacecraft"
    },
    {
      "qid": "Acquirer/Owner",
      "label": "Acquirer/Owner"
    },
    {
      "qid": "LaunchSystemType",
      "label": "LaunchSystemType"
    },
    {
      "qid": "Language",
      "label": "Language"
    },
    {
      "qid": "GeographicRegion",
      "label": "GeographicRegion"
    },
    {
      "qid": "LaunchSite",
      "label": "LaunchSite"
    },
    {
      "qid": "DriveType",
      "label": "DriveType"
    },
    {
      "qid": "Politician",
      "label": "Politician"
    },
    {
      "qid": "JobTitle",
      "label": "JobTitle"
    },
    {
      "qid": "MeasurementUnit",
      "label": "MeasurementUnit"
    },
    {
      "qid": "Car",
      "label": "Car"
    },
    {
      "qid": "VehicleModel",
      "label": "VehicleModel"
    },
    {
      "qid": "Year",
      "label": "Year"
    },
    {
      "qid": "Ship/Vessel",
      "label": "Ship/Vessel"
    },
    {
      "qid": "SubOrganization",
      "label": "SubOrganization"
    },
    {
      "qid": "Manufacturer",
      "label": "Manufacturer"
    },
    {
      "qid": "Product",
      "label": "Product"
    },
    {
      "qid": "Saint",
      "label": "Saint"
    },
    {
      "qid": "CruiseShipType",
      "label": "CruiseShipType"
    },
    {
      "qid": "WeightUnit",
      "label": "WeightUnit"
    },
    {
      "qid": "LengthUnit",
      "label": "LengthUnit"
    },
    {
      "qid": "TimePeriod",
      "label": "TimePeriod"
    },
    {
      "qid": "Engine",
      "label": "Engine"
    },
    {
      "qid": "Site",
      "label": "Site"
    },
    {
      "qid": "Status",
      "label": "Status"
    },
    {
      "qid": "SpeedUnit",
      "label": "SpeedUnit"
    },
    {
      "qid": "RailwayLocomotive",
      "label": "RailwayLocomotive"
    },
    {
      "qid": "TransmissionType",
      "label": "TransmissionType"
    }
  ],
  "relations": [
    {
      "pid": "activeYearsStartDate",
      "label": "activeYearsStartDate",
      "domain": "Service",
      "range": "Date"
    },
    {
      "pid": "alternativeName",
      "label": "alternativeName",
      "domain": "Vehicle",
      "range": "AlternativeName"
    },
    {
      "pid": "anthem",
      "label": "anthem",
      "domain": "Song",
      "range": "Anthem"
    },
    {
      "pid": "assembly",
      "label": "assembly",
      "domain": "Vehicle",
      "range": "Location"
    },
    {
      "pid": "associatedRocket",
      "label": "associatedRocket",
      "domain": "LaunchPad",
      "range": "Rocket"
    },
    {
      "pid": "bodyStyle",
      "label": "bodyStyle",
      "domain": "Vehicle",
      "range": "BodyType"
    },
    {
      "pid": "buildDate",
      "label": "buildDate",
      "domain": "Locomotive",
      "range": "DateInterval"
    },
    {
      "pid": "builder",
      "label": "builder",
      "domain": "Shipyard",
      "range": "Vessel"
    },
    {
      "pid": "capital",
      "label": "capital",
      "domain": "Country",
      "range": "City"
    },
    {
      "pid": "christeningDate",
      "label": "christeningDate",
      "domain": "Ship",
      "range": "Date"
    },
    {
      "pid": "city",
      "label": "city",
      "domain": "Organization",
      "range": "City"
    },
    {
      "pid": "class",
      "label": "class",
      "domain": "Vehicle",
      "range": "CarType"
    },
    {
      "pid": "comparable",
      "label": "comparable",
      "domain": "Rocket",
      "range": "Rocket"
    },
    {
      "pid": "completionDate",
      "label": "completionDate",
      "domain": "Ship",
      "range": "Date"
    },
    {
      "pid": "country",
      "label": "country",
      "domain": "ARA_Veinticinco_de_Mayo",
      "range": "Country"
    },
    {
      "pid": "countryOrigin",
      "label": "countryOrigin",
      "domain": "Aircraft",
      "range": "Country"
    },
    {
      "pid": "cylinderCount",
      "label": "cylinderCount",
      "domain": "ALCO_RS_3",
      "range": "Integer"
    },
    {
      "pid": "demonym",
      "label": "demonym",
      "domain": "Person",
      "range": "CitizenOfCountry"
    },
    {
      "pid": "designCompany",
      "label": "designCompany",
      "domain": "Company",
      "range": "AutomobileDesign"
    },
    {
      "pid": "designer",
      "label": "designer",
      "domain": "Person",
      "range": "AutomobileModel"
    },
    {
      "pid": "diameter",
      "label": "diameter",
      "domain": "Aircraft",
      "range": "LengthMeasurementUnit"
    },
    {
      "pid": "division",
      "label": "division",
      "domain": "Company",
      "range": "Company"
    },
    {
      "pid": "employer",
      "label": "employer",
      "domain": "Person",
      "range": "Organization"
    },
    {
      "pid": "engine",
      "label": "engine",
      "domain": "Vehicle",
      "range": "EngineType"
    },
    {
      "pid": "ethnicGroup",
      "label": "ethnicGroup",
      "domain": "EthnicGroup",
      "range": "SubgroupOfUSPopulation"
    },
    {
      "pid": "failedLaunches",
      "label": "failedLaunches",
      "domain": "Spacecraft",
      "range": "Integer"
    },
    {
      "pid": "fate",
      "label": "fate",
      "domain": "Company",
      "range": "Acquirer/Owner"
    },
    {
      "pid": "finalFlight",
      "label": "finalFlight",
      "domain": "Rocket",
      "range": "Date"
    },
    {
      "pid": "foundationPlace",
      "label": "foundationPlace",
      "domain": "Organization",
      "range": "Location"
    },
    {
      "pid": "foundedBy",
      "label": "foundedBy",
      "domain": "Person",
      "range": "Company"
    },
    {
      "pid": "function",
      "label": "function",
      "domain": "Rocket",
      "range": "LaunchSystemType"
    },
    {
      "pid": "headquarter",
      "label": "headquarter",
      "domain": "Location",
      "range": "Organization"
    },
    {
      "pid": "keyPerson",
      "label": "keyPerson",
      "domain": "Person",
      "range": "Organization"
    },
    {
      "pid": "language",
      "label": "language",
      "domain": "Language",
      "range": "GeographicRegion"
    },
    {
      "pid": "launchSite",
      "label": "launchSite",
      "domain": "LaunchSite",
      "range": "Rocket"
    },
    {
      "pid": "layout",
      "label": "layout",
      "domain": "Vehicle",
      "range": "DriveType"
    },
    {
      "pid": "leader",
      "label": "leader",
      "domain": "Person",
      "range": "Politician"
    },
    {
      "pid": "leaderTitle",
      "label": "leaderTitle",
      "domain": "Person",
      "range": "JobTitle"
    },
    {
      "pid": "length",
      "label": "length",
      "domain": "Ship",
      "range": "MeasurementUnit"
    },
    {
      "pid": "location",
      "label": "location",
      "domain": "Organization",
      "range": "Country"
    },
    {
      "pid": "maidenFlight",
      "label": "maidenFlight",
      "domain": "Rocket",
      "range": "Date"
    },
    {
      "pid": "maidenVoyage",
      "label": "maidenVoyage",
      "domain": "Ship",
      "range": "Date"
    },
    {
      "pid": "manufacturer",
      "label": "manufacturer",
      "domain": "Vehicle",
      "range": "Organization"
    },
    {
      "pid": "modelStartYear",
      "label": "modelStartYear",
      "domain": "Car",
      "range": "Integer"
    },
    {
      "pid": "modelYears",
      "label": "modelYears",
      "domain": "VehicleModel",
      "range": "Year"
    },
    {
      "pid": "operator",
      "label": "operator",
      "domain": "Organization",
      "range": "Ship/Vessel"
    },
    {
      "pid": "owner",
      "label": "owner",
      "domain": "Company",
      "range": "Ship"
    },
    {
      "pid": "parentCompany",
      "label": "parentCompany",
      "domain": "Organization",
      "range": "SubOrganization"
    },
    {
      "pid": "partialFailures",
      "label": "partialFailures",
      "domain": "Spacecraft",
      "range": "Integer"
    },
    {
      "pid": "powerType",
      "label": "powerType",
      "domain": "Ship",
      "range": "EngineType"
    },
    {
      "pid": "product",
      "label": "product",
      "domain": "Manufacturer",
      "range": "Product"
    },
    {
      "pid": "productionEndYear",
      "label": "productionEndYear",
      "domain": "VehicleModel",
      "range": "Year"
    },
    {
      "pid": "productionStartYear",
      "label": "productionStartYear",
      "domain": "Vehicle",
      "range": "Year"
    },
    {
      "pid": "relatedMeanOfTransportation",
      "label": "relatedMeanOfTransportation",
      "domain": "Vehicle",
      "range": "Vehicle"
    },
    {
      "pid": "rocketStages",
      "label": "rocketStages",
      "domain": "Rocket",
      "range": "Integer"
    },
    {
      "pid": "saint",
      "label": "saint",
      "domain": "Person",
      "range": "Saint"
    },
    {
      "pid": "shipBeam",
      "label": "shipBeam",
      "domain": "Ship",
      "range": "MeasurementUnit"
    },
    {
      "pid": "shipClass",
      "label": "shipClass",
      "domain": "Ship",
      "range": "CruiseShipType"
    },
    {
      "pid": "shipDisplacement",
      "label": "shipDisplacement",
      "domain": "Ship",
      "range": "WeightUnit"
    },
    {
      "pid": "shipDraft",
      "label": "shipDraft",
      "domain": "Ship",
      "range": "LengthUnit"
    },
    {
      "pid": "shipInService",
      "label": "shipInService",
      "domain": "Ship",
      "range": "TimePeriod"
    },
    {
      "pid": "shipLaidDown",
      "label": "shipLaidDown",
      "domain": "Ship",
      "range": "Date"
    },
    {
      "pid": "shipLaunch",
      "label": "shipLaunch",
      "domain": "Ship",
      "range": "Date"
    },
    {
      "pid": "shipOrdered",
      "label": "shipOrdered",
      "domain": "Ship",
      "range": "Date"
    },
    {
      "pid": "shipPower",
      "label": "shipPower",
      "domain": "Ship",
      "range": "Engine"
    },
    {
      "pid": "site",
      "label": "site",
      "domain": "Location",
      "range": "Site"
    },
    {
      "pid": "status",
      "label": "status",
      "domain": "Ship",
      "range": "Status"
    },
    {
      "pid": "subsidiary",
      "label": "subsidiary",
      "domain": "Organization",
      "range": "Organization"
    },
    {
      "pid": "successor",
      "label": "successor",
      "domain": "Company",
      "range": "Company"
    },
    {
      "pid": "topSpeed",
      "label": "topSpeed",
      "domain": "Ship",
      "range": "SpeedUnit"
    },
    {
      "pid": "totalLaunches",
      "label": "totalLaunches",
      "domain": "Rocket",
      "range": "Integer"
    },
    {
      "pid": "totalProduction",
      "label": "totalProduction",
      "domain": "RailwayLocomotive",
      "range": "Integer"
    },
    {
      "pid": "transmission",
      "label": "transmission",
      "domain": "Vehicle",
      "range": "TransmissionType"
    },
    {
      "pid": "wheelbase",
      "label": "wheelbase",
      "domain": "Vehicle",
      "range": "LengthUnit"
    },
    {
      "pid": "width",
      "label": "width",
      "domain": "Vehicle",
      "range": "LengthUnit"
    }
  ]
}