{
  "title": "Monument Ontology",
  "id": "ont_12_monument_ontology",
  "concepts": [
    {
      "qid": "City",
      "label": "City"
    },
    {
      "qid": "Country",
      "label": "Country"
    },
    {
      "qid": "Monument",
      "label": "Monument"
    },
    {
      "qid": "Category",
      "label": "Category"
    },
    {
      "qid": "Currency",
      "label": "Currency"
    },
    {
      "qid": "MilitaryUnit",
      "label": "MilitaryUnit"
    },
    {
      "qid": "Person",
      "label": "Person"
    },
    {
      "qid": "Architect/Designer",
      "label": "Architect/Designer"
    },
    {
      "qid": "Location",
      "label": "Location"
    },
    {
      "qid": "AdministrativeDistrict",
      "label": "AdministrativeDistrict"
    },
    {
      "qid": "Date",
      "label": "Date"
    },
    {
      "qid": "EthnicGroup",
      "label": "EthnicGroup"
    },
    {
      "qid": "SubgroupOfGeographicRegion",
      "label": "SubgroupOfGeographicRegion"
    },
    {
      "qid": "AdministrativeRegion",
      "label": "AdministrativeRegion"
    },
    {
      "qid": "AdministrativeDivision",
      "label": "AdministrativeDivision"
    },
    {
      "qid": "AtaturkMonument",
      "label": "AtaturkMonument"
    },
    {
      "qid": "Language",
      "label": "Language"
    },
    {
      "qid": "Organization",
      "label": "Organization"
    },
    {
      "qid": "Leader",
      "label": "Leader"
    },
    {
      "qid": "Title",
      "label": "Title"
    },
    {
      "qid": "NationalAssembly",
      "label": "NationalAssembly"
    },
    {
      "qid": "CountryLegislation",
      "label": "CountryLegislation"
    },
    {
      "qid": "County",
      "label": "County"
    },
    {
      "qid": "RockFormation",
      "label": "RockFormation"
    },
    {
      "qid": "Artifact",
      "label": "Artifact"
    },
    {
      "qid": "Municipality",
      "label": "Municipality"
    },
    {
      "qid": "String",
      "label": "String"
    },
    {
      "qid": "Organisation",
      "label": "Organisation"
    },
    {
      "qid": "Religion",
      "label": "Religion"
    },
    {
      "qid": "State",
      "label": "State"
    }
  ],
  "relations": [
    {
      "pid": "capital",
      "label": "capital",
      "domain": "City",
      "range": "Country"
    },
    {
      "pid": "category",
      "label": "category",
      "domain": "Monument",
      "range": "Category"
    },
    {
      "pid": "country",
      "label": "country",
      "domain": "Monument",
      "range": "Country"
    },
    {
      "pid": "currency",
      "label": "currency",
      "domain": "Country",
      "range": "Currency"
    },
    {
      "pid": "dedicatedTo",
      "label": "dedicatedTo",
      "domain": "Monument",
      "range": "MilitaryUnit"
    },
    {
      "pid": "designer",
      "label": "designer",
      "domain": "Person",
      "range": "Architect/Designer"
    },
    {
      "pid": "district",
      "label": "district",
      "domain": "Location",
      "range": "AdministrativeDistrict"
    },
    {
      "pid": "established",
      "label": "established",
      "domain": "Monument",
      "range": "Date"
    },
    {
      "pid": "ethnicGroup",
      "label": "ethnicGroup",
      "domain": "EthnicGroup",
      "range": "SubgroupOfGeographicRegion"
    },
    {
      "pid": "foundingDate",
      "label": "foundingDate",
      "domain": "Monument",
      "range": "Date"
    },
    {
      "pid": "hasToItsNorth",
      "label": "hasToItsNorth",
      "domain": "AdministrativeRegion",
      "range": "AdministrativeRegion"
    },
    {
      "pid": "hasToItsSoutheast",
      "label": "hasToItsSoutheast",
      "domain": "AdministrativeDivision",
      "range": "AdministrativeDivision"
    },
    {
      "pid": "hasToItsSouthwest",
      "label": "hasToItsSouthwest",
      "domain": "AdministrativeRegion",
      "range": "AdministrativeRegion"
    },
    {
      "pid": "hasToItsWest",
      "label": "hasToItsWest",
      "domain": "AdministrativeDivision",
      "range": "AdministrativeDivision"
    },
    {
      "pid": "inaugurationDate",
      "label": "inaugurationDate",
      "domain": "AtaturkMonument",
      "range": "Date"
    },
    {
      "pid": "language",
      "label": "language",
      "domain": "Language",
      "range": "Language"
    },
    {
      "pid": "largestCity",
      "label": "largestCity",
      "domain": "City",
      "range": "City"
    },
    {
      "pid": "leader",
      "label": "leader",
      "domain": "Person",
      "range": "Organization"
    },
    {
      "pid": "leaderTitle",
      "label": "leaderTitle",
      "domain": "Leader",
      "range": "Title"
    },
    {
      "pid": "legislature",
      "label": "legislature",
      "domain": "NationalAssembly",
      "range": "CountryLegislation"
    },
    {
      "pid": "location",
      "label": "location",
      "domain": "Monument",
      "range": "County"
    },
    {
      "pid": "material",
      "label": "material",
      "domain": "RockFormation",
      "range": "Artifact"
    },
    {
      "pid": "municipality",
      "label": "municipality",
      "domain": "Location",
      "range": "Municipality"
    },
    {
      "pid": "nativeName",
      "label": "nativeName",
      "domain": "Monument",
      "range": "String"
    },
    {
      "pid": "nearestCity",
      "label": "nearestCity",
      "domain": "Location",
      "range": "City"
    },
    {
      "pid": "owner",
      "label": "owner",
      "domain": "Monument",
      "range": "Organization"
    },
    {
      "pid": "owningOrganisation",
      "label": "owningOrganisation",
      "domain": "Monument",
      "range": "Organisation"
    },
    {
      "pid": "religion",
      "label": "religion",
      "domain": "Organization",
      "range": "Religion"
    },
    {
      "pid": "state",
      "label": "state",
      "domain": "Monument",
      "range": "State"
    }
  ]
}