{
  "title": "Politician Ontology",
  "id": "ont_13_politician_ontology",
  "concepts": [
    {
      "qid": "Person",
      "label": "Person"
    },
    {
      "qid": "Date",
      "label": "Date"
    },
    {
      "qid": "Politician",
      "label": "Politician"
    },
    {
      "qid": "Organization",
      "label": "Organization"
    },
    {
      "qid": "EducationalInstitution",
      "label": "EducationalInstitution"
    },
    {
      "qid": "Award",
      "label": "Award"
    },
    {
      "qid": "Event",
      "label": "Event"
    },
    {
      "qid": "Location",
      "label": "Location"
    },
    {
      "qid": "Year",
      "label": "Year"
    },
    {
      "qid": "City",
      "label": "City"
    },
    {
      "qid": "Country",
      "label": "Country"
    },
    {
      "qid": "PoliticalParty",
      "label": "PoliticalParty"
    },
    {
      "qid": "Colour",
      "label": "Colour"
    },
    {
      "qid": "MilitaryOfficer",
      "label": "MilitaryOfficer"
    },
    {
      "qid": "Currency",
      "label": "Currency"
    },
    {
      "qid": "EthnicGroup",
      "label": "EthnicGroup"
    },
    {
      "qid": "MilitaryUnit",
      "label": "MilitaryUnit"
    },
    {
      "qid": "GovernmentAgency",
      "label": "GovernmentAgency"
    },
    {
      "qid": "Governor",
      "label": "Governor"
    },
    {
      "qid": "Monarch",
      "label": "Monarch"
    },
    {
      "qid": "PresidentTerm",
      "label": "PresidentTerm"
    },
    {
      "qid": "TimePeriod",
      "label": "TimePeriod"
    },
    {
      "qid": "Period",
      "label": "Period"
    },
    {
      "qid": "MilitaryConflict",
      "label": "MilitaryConflict"
    },
    {
      "qid": "Language",
      "label": "Language"
    },
    {
      "qid": "MilitaryBranch",
      "label": "MilitaryBranch"
    },
    {
      "qid": "MilitaryRank",
      "label": "MilitaryRank"
    },
    {
      "qid": "IntegerValue",
      "label": "IntegerValue"
    },
    {
      "qid": "GovernmentPosition",
      "label": "GovernmentPosition"
    },
    {
      "qid": "MilitaryCampaign",
      "label": "MilitaryCampaign"
    },
    {
      "qid": "Conflict",
      "label": "Conflict"
    },
    {
      "qid": "Profession/Politician",
      "label": "Profession/Politician"
    },
    {
      "qid": "Region",
      "label": "Region"
    },
    {
      "qid": "ChristianDenomination",
      "label": "ChristianDenomination"
    },
    {
      "qid": "PoliticalDistrict",
      "label": "PoliticalDistrict"
    },
    {
      "qid": "Aircraft",
      "label": "Aircraft"
    }
  ],
  "relations": [
    {
      "pid": "activeYearsEndDate",
      "label": "activeYearsEndDate",
      "domain": "Person",
      "range": "Date"
    },
    {
      "pid": "activeYearsStartDate",
      "label": "activeYearsStartDate",
      "domain": "Politician",
      "range": "Date"
    },
    {
      "pid": "affiliation",
      "label": "affiliation",
      "domain": "Organization",
      "range": "Organization"
    },
    {
      "pid": "almaMater",
      "label": "almaMater",
      "domain": "Person",
      "range": "EducationalInstitution"
    },
    {
      "pid": "award",
      "label": "award",
      "domain": "Person",
      "range": "Award"
    },
    {
      "pid": "battle",
      "label": "battle",
      "domain": "Person",
      "range": "Event"
    },
    {
      "pid": "birthDate",
      "label": "birthDate",
      "domain": "Person",
      "range": "Date"
    },
    {
      "pid": "birthPlace",
      "label": "birthPlace",
      "domain": "Person",
      "range": "Location"
    },
    {
      "pid": "birthYear",
      "label": "birthYear",
      "domain": "Person",
      "range": "Year"
    },
    {
      "pid": "capital",
      "label": "capital",
      "domain": "City",
      "range": "Country"
    },
    {
      "pid": "colour",
      "label": "colour",
      "domain": "PoliticalParty",
      "range": "Colour"
    },
    {
      "pid": "commander",
      "label": "commander",
      "domain": "Person",
      "range": "MilitaryOfficer"
    },
    {
      "pid": "country",
      "label": "country",
      "domain": "Person",
      "range": "Country"
    },
    {
      "pid": "currency",
      "label": "currency",
      "domain": "Country",
      "range": "Currency"
    },
    {
      "pid": "deathDate",
      "label": "deathDate",
      "domain": "Person",
      "range": "Date"
    },
    {
      "pid": "deathPlace",
      "label": "deathPlace",
      "domain": "Person",
      "range": "Location"
    },
    {
      "pid": "deathYear",
      "label": "deathYear",
      "domain": "Person",
      "range": "Year"
    },
    {
      "pid": "ethnicGroup",
      "label": "ethnicGroup",
      "domain": "Country",
      "range": "EthnicGroup"
    },
    {
      "pid": "garrison",
      "label": "garrison",
      "domain": "MilitaryUnit",
      "range": "Location"
    },
    {
      "pid": "governingBody",
      "label": "governingBody",
      "domain": "Organization",
      "range": "GovernmentAgency"
    },
    {
      "pid": "hasDeputy",
      "label": "hasDeputy",
      "domain": "Politician",
      "range": "Politician"
    },
    {
      "pid": "inOfficeWhileGovernor",
      "label": "inOfficeWhileGovernor",
      "domain": "Person",
      "range": "Governor"
    },
    {
      "pid": "inOfficeWhileMonarch",
      "label": "inOfficeWhileMonarch",
      "domain": "Person",
      "range": "Monarch"
    },
    {
      "pid": "inOfficeWhilePresident",
      "label": "inOfficeWhilePresident",
      "domain": "Person",
      "range": "PresidentTerm"
    },
    {
      "pid": "inOfficeWhilePrimeMinister",
      "label": "inOfficeWhilePrimeMinister",
      "domain": "Person",
      "range": "TimePeriod"
    },
    {
      "pid": "inOfficeWhileVicePresident",
      "label": "inOfficeWhileVicePresident",
      "domain": "Person",
      "range": "Period"
    },
    {
      "pid": "isPartOfMilitaryConflict",
      "label": "isPartOfMilitaryConflict",
      "domain": "MilitaryConflict",
      "range": "Event"
    },
    {
      "pid": "language",
      "label": "language",
      "domain": "Country",
      "range": "Language"
    },
    {
      "pid": "largestCity",
      "label": "largestCity",
      "domain": "City",
      "range": "City"
    },
    {
      "pid": "leader",
      "label": "leader",
      "domain": "Person",
      "range": "Politician"
    },
    {
      "pid": "militaryBranch",
      "label": "militaryBranch",
      "domain": "MilitaryOfficer",
      "range": "MilitaryBranch"
    },
    {
      "pid": "militaryRank",
      "label": "militaryRank",
      "domain": "MilitaryOfficer",
      "range": "MilitaryRank"
    },
    {
      "pid": "nationality",
      "label": "nationality",
      "domain": "Person",
      "range": "Country"
    },
    {
      "pid": "numberOfVotesAttained",
      "label": "numberOfVotesAttained",
      "domain": "Politician",
      "range": "IntegerValue"
    },
    {
      "pid": "office",
      "label": "office",
      "domain": "Politician",
      "range": "GovernmentPosition"
    },
    {
      "pid": "officialLanguage",
      "label": "officialLanguage",
      "domain": "Country",
      "range": "Language"
    },
    {
      "pid": "party",
      "label": "party",
      "domain": "Person",
      "range": "PoliticalParty"
    },
    {
      "pid": "place",
      "label": "place",
      "domain": "MilitaryCampaign",
      "range": "Conflict"
    },
    {
      "pid": "predecessor",
      "label": "predecessor",
      "domain": "Politician",
      "range": "Politician"
    },
    {
      "pid": "profession",
      "label": "profession",
      "domain": "Person",
      "range": "Profession/Politician"
    },
    {
      "pid": "region",
      "label": "region",
      "domain": "Person",
      "range": "Region"
    },
    {
      "pid": "religion",
      "label": "religion",
      "domain": "Person",
      "range": "ChristianDenomination"
    },
    {
      "pid": "residence",
      "label": "residence",
      "domain": "Person",
      "range": "Location"
    },
    {
      "pid": "serviceStartYear",
      "label": "serviceStartYear",
      "domain": "Person",
      "range": "Year"
    },
    {
      "pid": "spouse",
      "label": "spouse",
      "domain": "Person",
      "range": "Person"
    },
    {
      "pid": "state",
      "label": "state",
      "domain": "Politician",
      "range": "PoliticalDistrict"
    },
    {
      "pid": "successor",
      "label": "successor",
      "domain": "Politician",
      "range": "Politician"
    },
    {
      "pid": "trainerAircraft",
      "label": "trainerAircraft",
      "domain": "Aircraft",
      "range": "MilitaryUnit"
    },
    {
      "pid": "unit",
      "label": "unit",
      "domain": "MilitaryUnit",
      "range": "MilitaryUnit"
    }
  ]
}