{
  "title": "Sportsteam Ontology",
  "id": "ont_14_sportsteam_ontology",
  "concepts": [
    {
      "qid": "Person",
      "label": "Person"
    },
    {
      "qid": "City",
      "label": "City"
    },
    {
      "qid": "Country",
      "label": "Country"
    },
    {
      "qid": "Organization",
      "label": "Organization"
    },
    {
      "qid": "Chairman",
      "label": "Chairman"
    },
    {
      "qid": "Title",
      "label": "Title"
    },
    {
      "qid": "FootballTeam",
      "label": "FootballTeam"
    },
    {
      "qid": "ChampionshipTitle",
      "label": "ChampionshipTitle"
    },
    {
      "qid": "Location",
      "label": "Location"
    },
    {
      "qid": "FootballLeague",
      "label": "FootballLeague"
    },
    {
      "qid": "Currency",
      "label": "Currency"
    },
    {
      "qid": "EthnicGroup",
      "label": "EthnicGroup"
    },
    {
      "qid": "String",
      "label": "String"
    },
    {
      "qid": "Stadium",
      "label": "Stadium"
    },
    {
      "qid": "AdministrativeDivision",
      "label": "AdministrativeDivision"
    },
    {
      "qid": "Language",
      "label": "Language"
    },
    {
      "qid": "Politician",
      "label": "Politician"
    },
    {
      "qid": "PoliticalParty",
      "label": "PoliticalParty"
    },
    {
      "qid": "CityOrMunicipality",
      "label": "CityOrMunicipality"
    },
    {
      "qid": "Team",
      "label": "Team"
    },
    {
      "qid": "League",
      "label": "League"
    },
    {
      "qid": "FootballManager",
      "label": "FootballManager"
    },
    {
      "qid": "Nickname",
      "label": "Nickname"
    },
    {
      "qid": "Integer",
      "label": "Integer"
    },
    {
      "qid": "CityDistrict",
      "label": "CityDistrict"
    },
    {
      "qid": "SportsTeam",
      "label": "SportsTeam"
    },
    {
      "qid": "Season",
      "label": "Season"
    },
    {
      "qid": "State",
      "label": "State"
    },
    {
      "qid": "Venue",
      "label": "Venue"
    },
    {
      "qid": "Athlete",
      "label": "Athlete"
    }
  ],
  "relations": [
    {
      "pid": "birthPlace",
      "label": "birthPlace",
      "domain": "Person",
      "range": "City"
    },
    {
      "pid": "capital",
      "label": "capital",
      "domain": "City",
      "range": "Country"
    },
    {
      "pid": "chairman",
      "label": "chairman",
      "domain": "Person",
      "range": "Organization"
    },
    {
      "pid": "chairmanTitle",
      "label": "chairmanTitle",
      "domain": "Chairman",
      "range": "Title"
    },
    {
      "pid": "champions",
      "label": "champions",
      "domain": "FootballTeam",
      "range": "ChampionshipTitle"
    },
    {
      "pid": "city",
      "label": "city",
      "domain": "Location",
      "range": "City"
    },
    {
      "pid": "club",
      "label": "club",
      "domain": "Person",
      "range": "Organization"
    },
    {
      "pid": "country",
      "label": "country",
      "domain": "FootballLeague",
      "range": "Country"
    },
    {
      "pid": "currency",
      "label": "currency",
      "domain": "Country",
      "range": "Currency"
    },
    {
      "pid": "demonym",
      "label": "demonym",
      "domain": "Country",
      "range": "EthnicGroup"
    },
    {
      "pid": "fullName",
      "label": "fullName",
      "domain": "FootballTeam",
      "range": "String"
    },
    {
      "pid": "ground",
      "label": "ground",
      "domain": "Stadium",
      "range": "City"
    },
    {
      "pid": "isPartOf",
      "label": "isPartOf",
      "domain": "Location",
      "range": "AdministrativeDivision"
    },
    {
      "pid": "language",
      "label": "language",
      "domain": "Country",
      "range": "Language"
    },
    {
      "pid": "leader",
      "label": "leader",
      "domain": "City",
      "range": "Politician"
    },
    {
      "pid": "leaderParty",
      "label": "leaderParty",
      "domain": "PoliticalParty",
      "range": "CityOrMunicipality"
    },
    {
      "pid": "league",
      "label": "league",
      "domain": "Team",
      "range": "League"
    },
    {
      "pid": "location",
      "label": "location",
      "domain": "Organization",
      "range": "Country"
    },
    {
      "pid": "manager",
      "label": "manager",
      "domain": "Person",
      "range": "FootballManager"
    },
    {
      "pid": "mayor",
      "label": "mayor",
      "domain": "Person",
      "range": "Politician"
    },
    {
      "pid": "nickname",
      "label": "nickname",
      "domain": "Organization",
      "range": "Nickname"
    },
    {
      "pid": "numberOfMembers",
      "label": "numberOfMembers",
      "domain": "Organization",
      "range": "Integer"
    },
    {
      "pid": "officialLanguage",
      "label": "officialLanguage",
      "domain": "Country",
      "range": "Language"
    },
    {
      "pid": "operator",
      "label": "operator",
      "domain": "Organization",
      "range": "Organization"
    },
    {
      "pid": "owner",
      "label": "owner",
      "domain": "Organization",
      "range": "Organization"
    },
    {
      "pid": "part",
      "label": "part",
      "domain": "CityDistrict",
      "range": "City"
    },
    {
      "pid": "season",
      "label": "season",
      "domain": "SportsTeam",
      "range": "Season"
    },
    {
      "pid": "state",
      "label": "state",
      "domain": "Location",
      "range": "State"
    },
    {
      "pid": "tenant",
      "label": "tenant",
      "domain": "Organization",
      "range": "Venue"
    },
    {
      "pid": "youthclub",
      "label": "youthclub",
      "domain": "Athlete",
      "range": "SportsTeam"
    }
  ]
}