{
  "title": "University Ontology",
  "id": "ont_15_university_ontology",
  "concepts": [
    {
      "qid": "AcademicStaff",
      "label": "AcademicStaff"
    },
    {
      "qid": "Number",
      "label": "Number"
    },
    {
      "qid": "EducationalInstitution",
      "label": "EducationalInstitution"
    },
    {
      "qid": "EducationalOrganization",
      "label": "EducationalOrganization"
    },
    {
      "qid": "NationalAnthem",
      "label": "NationalAnthem"
    },
    {
      "qid": "NamedEntity",
      "label": "NamedEntity"
    },
    {
      "qid": "Institution",
      "label": "Institution"
    },
    {
      "qid": "Location",
      "label": "Location"
    },
    {
      "qid": "City",
      "label": "City"
    },
    {
      "qid": "Country",
      "label": "Country"
    },
    {
      "qid": "Person",
      "label": "Person"
    },
    {
      "qid": "AcademicDean",
      "label": "AcademicDean"
    },
    {
      "qid": "Organization",
      "label": "Organization"
    },
    {
      "qid": "Year",
      "label": "Year"
    },
    {
      "qid": "EthnicGroup",
      "label": "EthnicGroup"
    },
    {
      "qid": "SubgroupOf",
      "label": "SubgroupOf"
    },
    {
      "qid": "GovernmentType",
      "label": "GovernmentType"
    },
    {
      "qid": "Ocean/Sea",
      "label": "Ocean/Sea"
    },
    {
      "qid": "Country/Region",
      "label": "Country/Region"
    },
    {
      "qid": "AdministrativeDivision",
      "label": "AdministrativeDivision"
    },
    {
      "qid": "String",
      "label": "String"
    },
    {
      "qid": "MonarchyTitle",
      "label": "MonarchyTitle"
    },
    {
      "qid": "Government",
      "label": "Government"
    },
    {
      "qid": "LegislativeBody",
      "label": "LegislativeBody"
    },
    {
      "qid": "GeographicRegion",
      "label": "GeographicRegion"
    },
    {
      "qid": "StringLiteral",
      "label": "StringLiteral"
    },
    {
      "qid": "Municipality",
      "label": "Municipality"
    },
    {
      "qid": "Nickname",
      "label": "Nickname"
    },
    {
      "qid": "Integer",
      "label": "Integer"
    },
    {
      "qid": "Quantity",
      "label": "Quantity"
    },
    {
      "qid": "Colour",
      "label": "Colour"
    },
    {
      "qid": "IntegerValue",
      "label": "IntegerValue"
    },
    {
      "qid": "Saint",
      "label": "Saint"
    },
    {
      "qid": "AcademicPosition",
      "label": "AcademicPosition"
    },
    {
      "qid": "ReligiousOrganization",
      "label": "ReligiousOrganization"
    },
    {
      "qid": "River",
      "label": "River"
    },
    {
      "qid": "Sport",
      "label": "Sport"
    },
    {
      "qid": "Organisation",
      "label": "Organisation"
    },
    {
      "qid": "Sports",
      "label": "Sports"
    },
    {
      "qid": "AdministrativeRegion",
      "label": "AdministrativeRegion"
    }
  ],
  "relations": [
    {
      "pid": "academicStaffSize",
      "label": "academicStaffSize",
      "domain": "AcademicStaff",
      "range": "Number"
    },
    {
      "pid": "affiliation",
      "label": "affiliation",
      "domain": "EducationalInstitution",
      "range": "EducationalOrganization"
    },
    {
      "pid": "anthem",
      "label": "anthem",
      "domain": "NationalAnthem",
      "range": "NamedEntity"
    },
    {
      "pid": "campus",
      "label": "campus",
      "domain": "Institution",
      "range": "Location"
    },
    {
      "pid": "capital",
      "label": "capital",
      "domain": "City",
      "range": "Country"
    },
    {
      "pid": "city",
      "label": "city",
      "domain": "EducationalInstitution",
      "range": "City"
    },
    {
      "pid": "country",
      "label": "country",
      "domain": "EducationalInstitution",
      "range": "Country"
    },
    {
      "pid": "dean",
      "label": "dean",
      "domain": "Person",
      "range": "AcademicDean"
    },
    {
      "pid": "director",
      "label": "director",
      "domain": "Person",
      "range": "Organization"
    },
    {
      "pid": "established",
      "label": "established",
      "domain": "EducationalInstitution",
      "range": "Year"
    },
    {
      "pid": "ethnicGroup",
      "label": "ethnicGroup",
      "domain": "EthnicGroup",
      "range": "SubgroupOf"
    },
    {
      "pid": "founder",
      "label": "founder",
      "domain": "Person",
      "range": "City"
    },
    {
      "pid": "governmentType",
      "label": "governmentType",
      "domain": "City",
      "range": "GovernmentType"
    },
    {
      "pid": "hasToItsNortheast",
      "label": "hasToItsNortheast",
      "domain": "City",
      "range": "City"
    },
    {
      "pid": "hasToItsNorthwest",
      "label": "hasToItsNorthwest",
      "domain": "Location",
      "range": "Location"
    },
    {
      "pid": "hasToItsWest",
      "label": "hasToItsWest",
      "domain": "Ocean/Sea",
      "range": "Country/Region"
    },
    {
      "pid": "headquarter",
      "label": "headquarter",
      "domain": "Organization",
      "range": "Location"
    },
    {
      "pid": "isPartOf",
      "label": "isPartOf",
      "domain": "Location",
      "range": "AdministrativeDivision"
    },
    {
      "pid": "largestCity",
      "label": "largestCity",
      "domain": "City",
      "range": "City"
    },
    {
      "pid": "latinName",
      "label": "latinName",
      "domain": "Institution",
      "range": "String"
    },
    {
      "pid": "leader",
      "label": "leader",
      "domain": "Person",
      "range": "Country"
    },
    {
      "pid": "leaderTitle",
      "label": "leaderTitle",
      "domain": "Country",
      "range": "MonarchyTitle"
    },
    {
      "pid": "legislature",
      "label": "legislature",
      "domain": "Government",
      "range": "LegislativeBody"
    },
    {
      "pid": "location",
      "label": "location",
      "domain": "Organization",
      "range": "GeographicRegion"
    },
    {
      "pid": "motto",
      "label": "motto",
      "domain": "EducationalInstitution",
      "range": "StringLiteral"
    },
    {
      "pid": "neighboringMunicipality",
      "label": "neighboringMunicipality",
      "domain": "Municipality",
      "range": "Municipality"
    },
    {
      "pid": "nickname",
      "label": "nickname",
      "domain": "Organization",
      "range": "Nickname"
    },
    {
      "pid": "numberOfPostgraduateStudents",
      "label": "numberOfPostgraduateStudents",
      "domain": "Institution",
      "range": "Integer"
    },
    {
      "pid": "numberOfStudents",
      "label": "numberOfStudents",
      "domain": "Institution",
      "range": "Integer"
    },
    {
      "pid": "numberOfUndergraduateStudents",
      "label": "numberOfUndergraduateStudents",
      "domain": "Institution",
      "range": "Quantity"
    },
    {
      "pid": "officialSchoolColour",
      "label": "officialSchoolColour",
      "domain": "Colour",
      "range": "Institution"
    },
    {
      "pid": "outlookRanking",
      "label": "outlookRanking",
      "domain": "EducationalInstitution",
      "range": "IntegerValue"
    },
    {
      "pid": "patronSaint",
      "label": "patronSaint",
      "domain": "Country",
      "range": "Saint"
    },
    {
      "pid": "president",
      "label": "president",
      "domain": "Person",
      "range": "Organization"
    },
    {
      "pid": "rector",
      "label": "rector",
      "domain": "Person",
      "range": "AcademicPosition"
    },
    {
      "pid": "religion",
      "label": "religion",
      "domain": "Country",
      "range": "ReligiousOrganization"
    },
    {
      "pid": "river",
      "label": "river",
      "domain": "River",
      "range": "Location"
    },
    {
      "pid": "sportGoverningBody",
      "label": "sportGoverningBody",
      "domain": "Sport",
      "range": "Organisation"
    },
    {
      "pid": "sportsOffered",
      "label": "sportsOffered",
      "domain": "Sports",
      "range": "EducationalInstitution"
    },
    {
      "pid": "state",
      "label": "state",
      "domain": "EducationalInstitution",
      "range": "AdministrativeRegion"
    },
    {
      "pid": "wasGivenTheTechnicalCampusStatusBy",
      "label": "wasGivenTheTechnicalCampusStatusBy",
      "domain": "Organization",
      "range": "Institution"
    }
  ]
}