{
  "title": "Writtenwork Ontology",
  "id": "ont_16_writtenwork_ontology",
  "concepts": [
    {
      "qid": "Publication",
      "label": "Publication"
    },
    {
      "qid": "String",
      "label": "String"
    },
    {
      "qid": "Abbreviation",
      "label": "Abbreviation"
    },
    {
      "qid": "AcademicJournal",
      "label": "AcademicJournal"
    },
    {
      "qid": "AcademicDiscipline",
      "label": "AcademicDiscipline"
    },
    {
      "qid": "Organization",
      "label": "Organization"
    },
    {
      "qid": "Person",
      "label": "Person"
    },
    {
      "qid": "EducationalInstitution",
      "label": "EducationalInstitution"
    },
    {
      "qid": "Book",
      "label": "Book"
    },
    {
      "qid": "Location",
      "label": "Location"
    },
    {
      "qid": "City",
      "label": "City"
    },
    {
      "qid": "Country",
      "label": "Country"
    },
    {
      "qid": "CODENCode",
      "label": "CODENCode"
    },
    {
      "qid": "Event",
      "label": "Event"
    },
    {
      "qid": "Nationality",
      "label": "Nationality"
    },
    {
      "qid": "Editor",
      "label": "Editor"
    },
    {
      "qid": "EthnicGroup",
      "label": "EthnicGroup"
    },
    {
      "qid": "Virus",
      "label": "Virus"
    },
    {
      "qid": "Family",
      "label": "Family"
    },
    {
      "qid": "Journal",
      "label": "Journal"
    },
    {
      "qid": "Integer",
      "label": "Integer"
    },
    {
      "qid": "FrequencyUnit",
      "label": "FrequencyUnit"
    },
    {
      "qid": "LiteraryGenre",
      "label": "LiteraryGenre"
    },
    {
      "qid": "Genus",
      "label": "Genus"
    },
    {
      "qid": "Number",
      "label": "Number"
    },
    {
      "qid": "Author",
      "label": "Author"
    },
    {
      "qid": "WrittenWork",
      "label": "WrittenWork"
    },
    {
      "qid": "Language",
      "label": "Language"
    },
    {
      "qid": "Title",
      "label": "Title"
    },
    {
      "qid": "LibraryOfCongressClassificationScheme",
      "label": "LibraryOfCongressClassificationScheme"
    },
    {
      "qid": "Continent",
      "label": "Continent"
    },
    {
      "qid": "Format",
      "label": "Format"
    },
    {
      "qid": "Nickname",
      "label": "Nickname"
    },
    {
      "qid": "Book/Play",
      "label": "Book/Play"
    },
    {
      "qid": "SubOrganization",
      "label": "SubOrganization"
    },
    {
      "qid": "PresidentOfUniversity",
      "label": "PresidentOfUniversity"
    },
    {
      "qid": "GeographicRegion",
      "label": "GeographicRegion"
    },
    {
      "qid": "Country/Region",
      "label": "Country/Region"
    },
    {
      "qid": "AdministrativeRegion",
      "label": "AdministrativeRegion"
    }
  ],
  "relations": [
    {
      "pid": "LCCN_number",
      "label": "LCCN_number",
      "domain": "Publication",
      "range": "String"
    },
    {
      "pid": "abbreviation",
      "label": "abbreviation",
      "domain": "Publication",
      "range": "Abbreviation"
    },
    {
      "pid": "academicDiscipline",
      "label": "academicDiscipline",
      "domain": "AcademicJournal",
      "range": "AcademicDiscipline"
    },
    {
      "pid": "affiliation",
      "label": "affiliation",
      "domain": "Organization",
      "range": "Organization"
    },
    {
      "pid": "almaMater",
      "label": "almaMater",
      "domain": "Person",
      "range": "EducationalInstitution"
    },
    {
      "pid": "author",
      "label": "author",
      "domain": "Person",
      "range": "Book"
    },
    {
      "pid": "birthPlace",
      "label": "birthPlace",
      "domain": "Person",
      "range": "Location"
    },
    {
      "pid": "capital",
      "label": "capital",
      "domain": "City",
      "range": "Country"
    },
    {
      "pid": "city",
      "label": "city",
      "domain": "EducationalInstitution",
      "range": "City"
    },
    {
      "pid": "codenCode",
      "label": "codenCode",
      "domain": "Publication",
      "range": "CODENCode"
    },
    {
      "pid": "country",
      "label": "country",
      "domain": "Country",
      "range": "Event"
    },
    {
      "pid": "deathPlace",
      "label": "deathPlace",
      "domain": "Person",
      "range": "Location"
    },
    {
      "pid": "demonym",
      "label": "demonym",
      "domain": "Person",
      "range": "Nationality"
    },
    {
      "pid": "doctoralAdvisor",
      "label": "doctoralAdvisor",
      "domain": "Person",
      "range": "Person"
    },
    {
      "pid": "editor",
      "label": "editor",
      "domain": "Person",
      "range": "Editor"
    },
    {
      "pid": "eissnNumber",
      "label": "eissnNumber",
      "domain": "Publication",
      "range": "String"
    },
    {
      "pid": "ethnicGroup",
      "label": "ethnicGroup",
      "domain": "Person",
      "range": "EthnicGroup"
    },
    {
      "pid": "family",
      "label": "family",
      "domain": "Virus",
      "range": "Family"
    },
    {
      "pid": "firstPublicationYear",
      "label": "firstPublicationYear",
      "domain": "Journal",
      "range": "Integer"
    },
    {
      "pid": "followedBy",
      "label": "followedBy",
      "domain": "Book",
      "range": "Book"
    },
    {
      "pid": "founder",
      "label": "founder",
      "domain": "Person",
      "range": "Organization"
    },
    {
      "pid": "frequency",
      "label": "frequency",
      "domain": "Publication",
      "range": "FrequencyUnit"
    },
    {
      "pid": "genre",
      "label": "genre",
      "domain": "Book",
      "range": "LiteraryGenre"
    },
    {
      "pid": "genus",
      "label": "genus",
      "domain": "Virus",
      "range": "Genus"
    },
    {
      "pid": "headquarter",
      "label": "headquarter",
      "domain": "Organization",
      "range": "Location"
    },
    {
      "pid": "impactFactor",
      "label": "impactFactor",
      "domain": "Publication",
      "range": "Number"
    },
    {
      "pid": "influencedBy",
      "label": "influencedBy",
      "domain": "Author",
      "range": "Author"
    },
    {
      "pid": "isbnNumber",
      "label": "isbnNumber",
      "domain": "Book",
      "range": "String"
    },
    {
      "pid": "issnNumber",
      "label": "issnNumber",
      "domain": "Publication",
      "range": "String"
    },
    {
      "pid": "language",
      "label": "language",
      "domain": "WrittenWork",
      "range": "Language"
    },
    {
      "pid": "largestCity",
      "label": "largestCity",
      "domain": "City",
      "range": "City"
    },
    {
      "pid": "leader",
      "label": "leader",
      "domain": "Person",
      "range": "Organization"
    },
    {
      "pid": "leaderTitle",
      "label": "leaderTitle",
      "domain": "Person",
      "range": "Title"
    },
    {
      "pid": "libraryofCongressClassification",
      "label": "libraryofCongressClassification",
      "domain": "Book",
      "range": "LibraryOfCongressClassificationScheme"
    },
    {
      "pid": "literaryGenre",
      "label": "literaryGenre",
      "domain": "Book",
      "range": "LiteraryGenre"
    },
    {
      "pid": "location",
      "label": "location",
      "domain": "Country",
      "range": "Continent"
    },
    {
      "pid": "mediaType",
      "label": "mediaType",
      "domain": "Publication",
      "range": "Format"
    },
    {
      "pid": "nationality",
      "label": "nationality",
      "domain": "Person",
      "range": "Nationality"
    },
    {
      "pid": "nickname",
      "label": "nickname",
      "domain": "Organization",
      "range": "Nickname"
    },
    {
      "pid": "notableWork",
      "label": "notableWork",
      "domain": "Person",
      "range": "Book/Play"
    },
    {
      "pid": "numberOfPages",
      "label": "numberOfPages",
      "domain": "Book",
      "range": "Integer"
    },
    {
      "pid": "oclcNumber",
      "label": "oclcNumber",
      "domain": "Book",
      "range": "String"
    },
    {
      "pid": "parentCompany",
      "label": "parentCompany",
      "domain": "Organization",
      "range": "SubOrganization"
    },
    {
      "pid": "precededBy",
      "label": "precededBy",
      "domain": "Publication",
      "range": "Event"
    },
    {
      "pid": "president",
      "label": "president",
      "domain": "Person",
      "range": "PresidentOfUniversity"
    },
    {
      "pid": "publisher",
      "label": "publisher",
      "domain": "Organization",
      "range": "Publication"
    },
    {
      "pid": "regionServed",
      "label": "regionServed",
      "domain": "Organization",
      "range": "GeographicRegion"
    },
    {
      "pid": "residence",
      "label": "residence",
      "domain": "Person",
      "range": "Country"
    },
    {
      "pid": "spokenIn",
      "label": "spokenIn",
      "domain": "Language",
      "range": "Country/Region"
    },
    {
      "pid": "state",
      "label": "state",
      "domain": "Location",
      "range": "AdministrativeRegion"
    }
  ]
}