{
  "title": "Film Ontologies",
  "id": "ont_17_Film_ontology",
  "concepts": [
    {
      "qid": "Person",
      "label": "Person"
    },
    {
      "qid": "Integer",
      "label": "Integer"
    },
    {
      "qid": "Film",
      "label": "Film"
    },
    {
      "qid": "Date",
      "label": "Date"
    },
    {
      "qid": "Actor",
      "label": "Actor"
    },
    {
      "qid": "Location",
      "label": "Location"
    },
    {
      "qid": "TelevisionChannel",
      "label": "TelevisionChannel"
    },
    {
      "qid": "MonetaryAmount",
      "label": "MonetaryAmount"
    },
    {
      "qid": "Child",
      "label": "Child"
    },
    {
      "qid": "Organization",
      "label": "Organization"
    },
    {
      "qid": "Company",
      "label": "Company"
    },
    {
      "qid": "Movie",
      "label": "Movie"
    },
    {
      "qid": "Editor",
      "label": "Editor"
    },
    {
      "qid": "FilmEditor",
      "label": "FilmEditor"
    },
    {
      "qid": "FormerTitle",
      "label": "FormerTitle"
    },
    {
      "qid": "Year",
      "label": "Year"
    },
    {
      "qid": "String",
      "label": "String"
    },
    {
      "qid": "IndustryType",
      "label": "IndustryType"
    },
    {
      "qid": "LanguageCode",
      "label": "LanguageCode"
    },
    {
      "qid": "Language",
      "label": "Language"
    },
    {
      "qid": "ISO_639_2_Code",
      "label": "ISO_639_2_Code"
    },
    {
      "qid": "Country",
      "label": "Country"
    },
    {
      "qid": "MusicComposer",
      "label": "MusicComposer"
    },
    {
      "qid": "FilmDirector",
      "label": "FilmDirector"
    },
    {
      "qid": "Work",
      "label": "Work"
    },
    {
      "qid": "TimeDuration",
      "label": "TimeDuration"
    },
    {
      "qid": "ServiceType",
      "label": "ServiceType"
    },
    {
      "qid": "TelevisionNetwork",
      "label": "TelevisionNetwork"
    },
    {
      "qid": "Channel",
      "label": "Channel"
    },
    {
      "qid": "TimeshiftChannel",
      "label": "TimeshiftChannel"
    }
  ],
  "relations": [
    {
      "pid": "activeYearsStartYear",
      "label": "activeYearsStartYear",
      "domain": "Person",
      "range": "Integer"
    },
    {
      "pid": "background",
      "label": "background",
      "domain": "Film",
      "range": "Person"
    },
    {
      "pid": "birthDate",
      "label": "birthDate",
      "domain": "Person",
      "range": "Date"
    },
    {
      "pid": "birthName",
      "label": "birthName",
      "domain": "Actor",
      "range": "Person"
    },
    {
      "pid": "birthPlace",
      "label": "birthPlace",
      "domain": "Actor",
      "range": "Location"
    },
    {
      "pid": "birthYear",
      "label": "birthYear",
      "domain": "Person",
      "range": "Integer"
    },
    {
      "pid": "broadcastedBy",
      "label": "broadcastedBy",
      "domain": "Film",
      "range": "TelevisionChannel"
    },
    {
      "pid": "budget",
      "label": "budget",
      "domain": "Film",
      "range": "MonetaryAmount"
    },
    {
      "pid": "child",
      "label": "child",
      "domain": "Person",
      "range": "Child"
    },
    {
      "pid": "cinematography",
      "label": "cinematography",
      "domain": "Film",
      "range": "Person"
    },
    {
      "pid": "club",
      "label": "club",
      "domain": "Person",
      "range": "Organization"
    },
    {
      "pid": "deathDate",
      "label": "deathDate",
      "domain": "Person",
      "range": "Date"
    },
    {
      "pid": "deathPlace",
      "label": "deathPlace",
      "domain": "Person",
      "range": "Location"
    },
    {
      "pid": "deathYear",
      "label": "deathYear",
      "domain": "Person",
      "range": "Integer"
    },
    {
      "pid": "director",
      "label": "director",
      "domain": "Person",
      "range": "Film"
    },
    {
      "pid": "distributor",
      "label": "distributor",
      "domain": "Company",
      "range": "Movie"
    },
    {
      "pid": "editing",
      "label": "editing",
      "domain": "Editor",
      "range": "Movie"
    },
    {
      "pid": "editor",
      "label": "editor",
      "domain": "FilmEditor",
      "range": "Movie"
    },
    {
      "pid": "formerName",
      "label": "formerName",
      "domain": "Film",
      "range": "FormerTitle"
    },
    {
      "pid": "foundedBy",
      "label": "foundedBy",
      "domain": "Person",
      "range": "Organization"
    },
    {
      "pid": "foundingYear",
      "label": "foundingYear",
      "domain": "Organization",
      "range": "Year"
    },
    {
      "pid": "gross",
      "label": "gross",
      "domain": "Movie",
      "range": "MonetaryAmount"
    },
    {
      "pid": "headquarter",
      "label": "headquarter",
      "domain": "Organization",
      "range": "Location"
    },
    {
      "pid": "imdbId",
      "label": "imdbId",
      "domain": "Film",
      "range": "String"
    },
    {
      "pid": "industry",
      "label": "industry",
      "domain": "Company",
      "range": "IndustryType"
    },
    {
      "pid": "iso6391Code",
      "label": "iso6391Code",
      "domain": "Movie",
      "range": "LanguageCode"
    },
    {
      "pid": "iso6392Code",
      "label": "iso6392Code",
      "domain": "Language",
      "range": "ISO_639_2_Code"
    },
    {
      "pid": "keyPerson",
      "label": "keyPerson",
      "domain": "Person",
      "range": "Organization"
    },
    {
      "pid": "language",
      "label": "language",
      "domain": "Film",
      "range": "Language"
    },
    {
      "pid": "location",
      "label": "location",
      "domain": "Organization",
      "range": "Country"
    },
    {
      "pid": "musicComposer",
      "label": "musicComposer",
      "domain": "MusicComposer",
      "range": "Film"
    },
    {
      "pid": "occupation",
      "label": "occupation",
      "domain": "FilmDirector",
      "range": "Movie"
    },
    {
      "pid": "owner",
      "label": "owner",
      "domain": "Organization",
      "range": "Organization"
    },
    {
      "pid": "producer",
      "label": "producer",
      "domain": "Person",
      "range": "Work"
    },
    {
      "pid": "releaseDate",
      "label": "releaseDate",
      "domain": "Film",
      "range": "Date"
    },
    {
      "pid": "runtime",
      "label": "runtime",
      "domain": "Film",
      "range": "TimeDuration"
    },
    {
      "pid": "service",
      "label": "service",
      "domain": "Organization",
      "range": "ServiceType"
    },
    {
      "pid": "sisterStation",
      "label": "sisterStation",
      "domain": "TelevisionNetwork",
      "range": "TelevisionNetwork"
    },
    {
      "pid": "spokenIn",
      "label": "spokenIn",
      "domain": "Movie",
      "range": "Country"
    },
    {
      "pid": "spouse",
      "label": "spouse",
      "domain": "Person",
      "range": "Person"
    },
    {
      "pid": "starring",
      "label": "starring",
      "domain": "Film",
      "range": "Actor"
    },
    {
      "pid": "timeshiftChannel",
      "label": "timeshiftChannel",
      "domain": "Channel",
      "range": "TimeshiftChannel"
    },
    {
      "pid": "type",
      "label": "type",
      "domain": "Company",
      "range": "Movie"
    },
    {
      "pid": "writer",
      "label": "writer",
      "domain": "Person",
      "range": "Work"
    }
  ]
}