{
  "title": "Musicalwork Ontologies",
  "id": "ont_18_MusicalWork_ontology",
  "concepts": [
    {
      "qid": "ProductionTeam",
      "label": "ProductionTeam"
    },
    {
      "qid": "Album",
      "label": "Album"
    },
    {
      "qid": "City",
      "label": "City"
    },
    {
      "qid": "AreaCode",
      "label": "AreaCode"
    },
    {
      "qid": "Area",
      "label": "Area"
    },
    {
      "qid": "MusicGroup",
      "label": "MusicGroup"
    },
    {
      "qid": "Band",
      "label": "Band"
    },
    {
      "qid": "MusicalArtist",
      "label": "MusicalArtist"
    },
    {
      "qid": "Person",
      "label": "Person"
    },
    {
      "qid": "Date",
      "label": "Date"
    },
    {
      "qid": "MusicalWork",
      "label": "MusicalWork"
    },
    {
      "qid": "CertificationScheme",
      "label": "CertificationScheme"
    },
    {
      "qid": "MusicGenre",
      "label": "MusicGenre"
    },
    {
      "qid": "Record_Label",
      "label": "Record_Label"
    },
    {
      "qid": "Music_Distributor",
      "label": "Music_Distributor"
    },
    {
      "qid": "Song",
      "label": "Song"
    },
    {
      "qid": "FormatType",
      "label": "FormatType"
    },
    {
      "qid": "BandMember",
      "label": "BandMember"
    },
    {
      "qid": "MusicAlbum",
      "label": "MusicAlbum"
    },
    {
      "qid": "MusicalInstrument",
      "label": "MusicalInstrument"
    },
    {
      "qid": "Organization",
      "label": "Organization"
    },
    {
      "qid": "Language",
      "label": "Language"
    },
    {
      "qid": "Country",
      "label": "Country"
    },
    {
      "qid": "Politician",
      "label": "Politician"
    },
    {
      "qid": "Location",
      "label": "Location"
    },
    {
      "qid": "MusicSubgenre",
      "label": "MusicSubgenre"
    },
    {
      "qid": "RecordLabel",
      "label": "RecordLabel"
    },
    {
      "qid": "MusicalBand",
      "label": "MusicalBand"
    },
    {
      "qid": "Company",
      "label": "Company"
    },
    {
      "qid": "Duration",
      "label": "Duration"
    },
    {
      "qid": "MusicStyle",
      "label": "MusicStyle"
    },
    {
      "qid": "TimeZone",
      "label": "TimeZone"
    },
    {
      "qid": "Integer",
      "label": "Integer"
    }
  ],
  "relations": [
    {
      "pid": "album",
      "label": "album",
      "domain": "ProductionTeam",
      "range": "Album"
    },
    {
      "pid": "areaCode",
      "label": "areaCode",
      "domain": "City",
      "range": "AreaCode"
    },
    {
      "pid": "areaTotal",
      "label": "areaTotal",
      "domain": "City",
      "range": "Area"
    },
    {
      "pid": "artist",
      "label": "artist",
      "domain": "MusicGroup",
      "range": "Album"
    },
    {
      "pid": "associatedBand/associatedMusicalArtist",
      "label": "associatedBand/associatedMusicalArtist",
      "domain": "Band",
      "range": "MusicalArtist"
    },
    {
      "pid": "birthDate",
      "label": "birthDate",
      "domain": "Person",
      "range": "Date"
    },
    {
      "pid": "certification",
      "label": "certification",
      "domain": "MusicalWork",
      "range": "CertificationScheme"
    },
    {
      "pid": "derivative",
      "label": "derivative",
      "domain": "MusicGenre",
      "range": "MusicGenre"
    },
    {
      "pid": "distributingLabel",
      "label": "distributingLabel",
      "domain": "Record_Label",
      "range": "Music_Distributor"
    },
    {
      "pid": "followedBy",
      "label": "followedBy",
      "domain": "Album",
      "range": "Album"
    },
    {
      "pid": "format",
      "label": "format",
      "domain": "Song",
      "range": "FormatType"
    },
    {
      "pid": "formerBandMember",
      "label": "formerBandMember",
      "domain": "Person",
      "range": "BandMember"
    },
    {
      "pid": "genre",
      "label": "genre",
      "domain": "MusicAlbum",
      "range": "MusicGenre"
    },
    {
      "pid": "instrument",
      "label": "instrument",
      "domain": "MusicalInstrument",
      "range": "MusicGenre"
    },
    {
      "pid": "keyPerson",
      "label": "keyPerson",
      "domain": "Person",
      "range": "Organization"
    },
    {
      "pid": "language",
      "label": "language",
      "domain": "Language",
      "range": "Country"
    },
    {
      "pid": "leader",
      "label": "leader",
      "domain": "Person",
      "range": "Politician"
    },
    {
      "pid": "location",
      "label": "location",
      "domain": "Location",
      "range": "Location"
    },
    {
      "pid": "musicFusionGenre",
      "label": "musicFusionGenre",
      "domain": "MusicAlbum",
      "range": "MusicGenre"
    },
    {
      "pid": "musicSubgenre",
      "label": "musicSubgenre",
      "domain": "MusicSubgenre",
      "range": "MusicSubgenre"
    },
    {
      "pid": "musicalArtist",
      "label": "musicalArtist",
      "domain": "MusicalArtist",
      "range": "Person"
    },
    {
      "pid": "musicalBand",
      "label": "musicalBand",
      "domain": "RecordLabel",
      "range": "MusicalBand"
    },
    {
      "pid": "owner",
      "label": "owner",
      "domain": "Organization",
      "range": "Organization"
    },
    {
      "pid": "parentCompany",
      "label": "parentCompany",
      "domain": "Company",
      "range": "Company"
    },
    {
      "pid": "precededBy",
      "label": "precededBy",
      "domain": "Album",
      "range": "Album"
    },
    {
      "pid": "producer",
      "label": "producer",
      "domain": "MusicGroup",
      "range": "Album"
    },
    {
      "pid": "recordLabel",
      "label": "recordLabel",
      "domain": "MusicGroup",
      "range": "RecordLabel"
    },
    {
      "pid": "recordedIn",
      "label": "recordedIn",
      "domain": "Location",
      "range": "MusicAlbum"
    },
    {
      "pid": "releaseDate",
      "label": "releaseDate",
      "domain": "Album",
      "range": "Date"
    },
    {
      "pid": "runtime",
      "label": "runtime",
      "domain": "MusicAlbum",
      "range": "Duration"
    },
    {
      "pid": "stylisticOrigin",
      "label": "stylisticOrigin",
      "domain": "MusicGenre",
      "range": "MusicStyle"
    },
    {
      "pid": "timeZone",
      "label": "timeZone",
      "domain": "Location",
      "range": "TimeZone"
    },
    {
      "pid": "type",
      "label": "type",
      "domain": "Album",
      "range": "MusicGenre"
    },
    {
      "pid": "utcOffset",
      "label": "utcOffset",
      "domain": "City",
      "range": "Integer"
    },
    {
      "pid": "writer",
      "label": "writer",
      "domain": "Person",
      "range": "Song"
    }
  ]
}