{
  "title": "Scientist Ontologies",
  "id": "ont_19_Scientist_ontology",
  "concepts": [
    {
      "qid": "Organization",
      "label": "Organization"
    },
    {
      "qid": "Person",
      "label": "Person"
    },
    {
      "qid": "EducationalInstitution",
      "label": "EducationalInstitution"
    },
    {
      "qid": "Town",
      "label": "Town"
    },
    {
      "qid": "PostalCode",
      "label": "PostalCode"
    },
    {
      "qid": "City",
      "label": "City"
    },
    {
      "qid": "GeographicArea",
      "label": "GeographicArea"
    },
    {
      "qid": "Location",
      "label": "Location"
    },
    {
      "qid": "AreaOfWater",
      "label": "AreaOfWater"
    },
    {
      "qid": "Quantity",
      "label": "Quantity"
    },
    {
      "qid": "Award",
      "label": "Award"
    },
    {
      "qid": "Date",
      "label": "Date"
    },
    {
      "qid": "String",
      "label": "String"
    },
    {
      "qid": "Country",
      "label": "Country"
    },
    {
      "qid": "Currency",
      "label": "Currency"
    },
    {
      "qid": "Demonym",
      "label": "Demonym"
    },
    {
      "qid": "Integer",
      "label": "Integer"
    },
    {
      "qid": "Government",
      "label": "Government"
    },
    {
      "qid": "GovernmentForm",
      "label": "GovernmentForm"
    },
    {
      "qid": "GridReference",
      "label": "GridReference"
    },
    {
      "qid": "Researcher",
      "label": "Researcher"
    },
    {
      "qid": "MathematicalConcept",
      "label": "MathematicalConcept"
    },
    {
      "qid": "Language",
      "label": "Language"
    },
    {
      "qid": "Title",
      "label": "Title"
    },
    {
      "qid": "Motto",
      "label": "Motto"
    },
    {
      "qid": "Nationality",
      "label": "Nationality"
    },
    {
      "qid": "PercentageValue",
      "label": "PercentageValue"
    },
    {
      "qid": "MetropolitanArea",
      "label": "MetropolitanArea"
    },
    {
      "qid": "Number",
      "label": "Number"
    },
    {
      "qid": "Profession/FieldOfStudy",
      "label": "Profession/FieldOfStudy"
    },
    {
      "qid": "Region",
      "label": "Region"
    },
    {
      "qid": "BeliefSystemOrAbsence",
      "label": "BeliefSystemOrAbsence"
    },
    {
      "qid": "TimeZone",
      "label": "TimeZone"
    },
    {
      "qid": "ResearchUniversityType",
      "label": "ResearchUniversityType"
    },
    {
      "qid": "Timezone",
      "label": "Timezone"
    }
  ],
  "relations": [
    {
      "pid": "affiliation",
      "label": "affiliation",
      "domain": "Organization",
      "range": "Organization"
    },
    {
      "pid": "almaMater",
      "label": "almaMater",
      "domain": "Person",
      "range": "EducationalInstitution"
    },
    {
      "pid": "areaCode",
      "label": "areaCode",
      "domain": "Town",
      "range": "PostalCode"
    },
    {
      "pid": "areaMetro",
      "label": "areaMetro",
      "domain": "City",
      "range": "GeographicArea"
    },
    {
      "pid": "areaOfWater",
      "label": "areaOfWater",
      "domain": "Location",
      "range": "AreaOfWater"
    },
    {
      "pid": "areaTotal",
      "label": "areaTotal",
      "domain": "City",
      "range": "Quantity"
    },
    {
      "pid": "award",
      "label": "award",
      "domain": "Person",
      "range": "Award"
    },
    {
      "pid": "birthDate",
      "label": "birthDate",
      "domain": "Person",
      "range": "Date"
    },
    {
      "pid": "birthName",
      "label": "birthName",
      "domain": "Person",
      "range": "String"
    },
    {
      "pid": "birthPlace",
      "label": "birthPlace",
      "domain": "Person",
      "range": "Location"
    },
    {
      "pid": "capital",
      "label": "capital",
      "domain": "City",
      "range": "Country"
    },
    {
      "pid": "chancellor",
      "label": "chancellor",
      "domain": "Person",
      "range": "Person"
    },
    {
      "pid": "citizenship",
      "label": "citizenship",
      "domain": "Person",
      "range": "Country"
    },
    {
      "pid": "country",
      "label": "country",
      "domain": "Location",
      "range": "Country"
    },
    {
      "pid": "currency",
      "label": "currency",
      "domain": "Country",
      "range": "Currency"
    },
    {
      "pid": "deathDate",
      "label": "deathDate",
      "domain": "Person",
      "range": "Date"
    },
    {
      "pid": "deathPlace",
      "label": "deathPlace",
      "domain": "City",
      "range": "Location"
    },
    {
      "pid": "demonym",
      "label": "demonym",
      "domain": "Country",
      "range": "Demonym"
    },
    {
      "pid": "dissolutionYear",
      "label": "dissolutionYear",
      "domain": "Country",
      "range": "Integer"
    },
    {
      "pid": "doctoralAdvisor",
      "label": "doctoralAdvisor",
      "domain": "Person",
      "range": "Person"
    },
    {
      "pid": "foundingDate",
      "label": "foundingDate",
      "domain": "City",
      "range": "Date"
    },
    {
      "pid": "foundingYear",
      "label": "foundingYear",
      "domain": "Organization",
      "range": "Date"
    },
    {
      "pid": "governmentType",
      "label": "governmentType",
      "domain": "Government",
      "range": "GovernmentForm"
    },
    {
      "pid": "gridReference",
      "label": "gridReference",
      "domain": "Location",
      "range": "GridReference"
    },
    {
      "pid": "influencedBy",
      "label": "influencedBy",
      "domain": "Researcher",
      "range": "Researcher"
    },
    {
      "pid": "isPartOf",
      "label": "isPartOf",
      "domain": "Location",
      "range": "Country"
    },
    {
      "pid": "knownFor",
      "label": "knownFor",
      "domain": "Person",
      "range": "MathematicalConcept"
    },
    {
      "pid": "language",
      "label": "language",
      "domain": "Location",
      "range": "Language"
    },
    {
      "pid": "leader",
      "label": "leader",
      "domain": "Person",
      "range": "Organization"
    },
    {
      "pid": "leaderTitle",
      "label": "leaderTitle",
      "domain": "Person",
      "range": "Title"
    },
    {
      "pid": "longName",
      "label": "longName",
      "domain": "Person",
      "range": "String"
    },
    {
      "pid": "motto",
      "label": "motto",
      "domain": "Country",
      "range": "Motto"
    },
    {
      "pid": "nationality",
      "label": "nationality",
      "domain": "Person",
      "range": "Nationality"
    },
    {
      "pid": "officialLanguage",
      "label": "officialLanguage",
      "domain": "Country",
      "range": "Language"
    },
    {
      "pid": "percentageOfAreaWater",
      "label": "percentageOfAreaWater",
      "domain": "Country",
      "range": "PercentageValue"
    },
    {
      "pid": "populationMetroDensity",
      "label": "populationMetroDensity",
      "domain": "MetropolitanArea",
      "range": "Quantity"
    },
    {
      "pid": "populationTotal",
      "label": "populationTotal",
      "domain": "Country",
      "range": "Number"
    },
    {
      "pid": "postalCode",
      "label": "postalCode",
      "domain": "Location",
      "range": "PostalCode"
    },
    {
      "pid": "professionalField",
      "label": "professionalField",
      "domain": "Person",
      "range": "Profession/FieldOfStudy"
    },
    {
      "pid": "region",
      "label": "region",
      "domain": "Location",
      "range": "Region"
    },
    {
      "pid": "religion",
      "label": "religion",
      "domain": "Person",
      "range": "BeliefSystemOrAbsence"
    },
    {
      "pid": "residence",
      "label": "residence",
      "domain": "Person",
      "range": "Location"
    },
    {
      "pid": "spouse",
      "label": "spouse",
      "domain": "Person",
      "range": "Person"
    },
    {
      "pid": "timeZone",
      "label": "timeZone",
      "domain": "City",
      "range": "TimeZone"
    },
    {
      "pid": "type",
      "label": "type",
      "domain": "EducationalInstitution",
      "range": "ResearchUniversityType"
    },
    {
      "pid": "utcOffset",
      "label": "utcOffset",
      "domain": "Location",
      "range": "Timezone"
    },
    {
      "pid": "viceChancellor",
      "label": "viceChancellor",
      "domain": "Person",
      "range": "Person"
    }
  ]
}