{
    "concepts": [
        {
            "qid": "Q5",
            "label": "human"
        },
        {
            "qid": "Q11042",
            "label": "culture"
        },
        {
            "qid": "Q735",
            "label": "art"
        },
        {
            "qid": "Q34770",
            "label": "language"
        },
        {
            "qid": "Q618123",
            "label": "geographical feature"
        },
        {
            "qid": "Q309",
            "label": "history"
        },
        {
            "qid": "Q9174",
            "label": "religion"
        },
        {
            "qid": "Q251777",
            "label": "custom"
        },
        {
            "qid": "Q82821",
            "label": "tradition"
        },
        {
            "qid": "Q2434238",
            "label": "heritage"
        },
        {
            "qid": "Q1778821",
            "label": "cuisine"
        },
        {
            "qid": "Q11639",
            "label": "dance"
        },
        {
            "qid": "Q41710",
            "label": "ethnic group"
        },
        {
            "qid": "Q8242",
            "label": "literature"
        },
        {
            "qid": "Q132241",
            "label": "festival"
        },
        {
            "qid": "Q515",
            "label": "city"
        },
        {
            "qid": "Q6256",
            "label": "country"
        },
        {
            "qid": "Q11424",
            "label": "film"
        },
        {
            "qid": "Q201658",
            "label": "film genre"
        },
        {
            "qid": "Q483394",
            "label": "genre"
        },
        {
            "qid": "Q1762059",
            "label": "film production company"
        },
        {
            "qid": "Q4220917",
            "label": "film award"
        },
        {
            "qid": "Q618779",
            "label": "award "
        },
        {
            "qid": "Q47461344",
            "label": "written work"
        },
        {
            "qid": "Q15773347",
            "label": "film character"
        },
        {
            "qid": "Q104649845",
            "label": "film organization"
        },
        {
            "qid": "Q638",
            "label": "music"
        },
        {
            "qid": "Q2188189",
            "label": "musical work"
        },
        {
            "qid": "Q4830453",
            "label": "record producer"
        },
        {
            "qid": "Q207628",
            "label": "composed musical work"
        },
        {
            "qid": "Q36834",
            "label": "composer"
        },
        {
            "qid": "Q188451",
            "label": "music genre"
        },
        {
            "qid": "Q7390",
            "label": "voice"
        },
        {
            "qid": "Q164204",
            "label": "musicology"
        },
        {
            "qid": "Q746359",
            "label": "music industry"
        },
        {
            "qid": "Q482994",
            "label": "album"
        },
        {
            "qid": "Q50995749",
            "label": "sportsperson"
        },
        {
            "qid": "Q327245",
            "label": "team"
        },
        {
            "qid": "Q2066131",
            "label": "athlete"
        },
        {
            "qid": "Q349",
            "label": "sport"
        },
        {
            "qid": "Q4438121",
            "label": "sports organization"
        },
        {
            "qid": "Q27020041",
            "label": "sports season"
        },
        {
            "qid": "Q847017",
            "label": "sports club"
        },
        {
            "qid": "Q1154710",
            "label": "association football venue"
        },
        {
            "qid": "Q16510064",
            "label": "sporting event"
        },
        {
            "qid": "Q167170",
            "label": "multi-sport event"
        },
        {
            "qid": "Q2485448",
            "label": "sports governing body"
        },
        {
            "qid": "Q747883",
            "label": "physical activity"
        },
        {
            "qid": "Q2312410",
            "label": "sports discipline"
        },
        {
            "qid": "Q15991290",
            "label": "professional sports league"
        },
        {
            "qid": "Q13406554",
            "label": "sports competition"
        },
        {
            "qid": "Q1539532",
            "label": "sports season of a sports club"
        },
        {
            "qid": "Q571",
            "label": "book"
        },
        {
            "qid": "Q7725634",
            "label": "literary work"
        },
        {
            "qid": "Q482980",
            "label": "author"
        },
        {
            "qid": "Q2085381",
            "label": "publisher"
        },
        {
            "qid": "Q33057",
            "label": "International Standard Book Number"
        },
        {
            "qid": "Q7075",
            "label": "library"
        },
        {
            "qid": "Q205892",
            "label": "calendar date"
        },
        {
            "qid": "Q95074",
            "label": "fictional character"
        },
        {
            "qid": "Q36180",
            "label": "writer"
        },
        {
            "qid": "Q5633421",
            "label": "scientific journal"
        },
        {
            "qid": "Q191067",
            "label": "article"
        },
        {
            "qid": "Q223393",
            "label": "literary genre"
        },
        {
            "qid": "Q732577",
            "label": "publication"
        },
        {
            "qid": "Q685935",
            "label": "trade magazine"
        },
        {
            "qid": "Q15621286",
            "label": "intellectual work"
        },
        {
            "qid": "Q4835091",
            "label": "territory"
        },
        {
            "qid": "Q4189293",
            "label": "rank"
        },
        {
            "qid": "Q56019",
            "label": "military rank"
        },
        {
            "qid": "Q1184840",
            "label": "military vehicle"
        },
        {
            "qid": "Q176799",
            "label": "military unit"
        },
        {
            "qid": "Q16861376",
            "label": "military casualty classification"
        },
        {
            "qid": "Q17149090",
            "label": "armed organization"
        },
        {
            "qid": "Q2008856",
            "label": "command"
        },
        {
            "qid": "Q2772772",
            "label": "military museum"
        },
        {
            "qid": "Q43229",
            "label": "organization"
        },
        {
            "qid": "Q47064",
            "label": "military personnel"
        },
        {
            "qid": "Q18643213",
            "label": "military equipment"
        },
        {
            "qid": "Q68",
            "label": "computer"
        },
        {
            "qid": "Q7397",
            "label": "software"
        },
        {
            "qid": "Q3966",
            "label": "computer hardware"
        },
        {
            "qid": "Q9143",
            "label": "programming language"
        },
        {
            "qid": "Q8513",
            "label": "database"
        },
        {
            "qid": "Q1301371",
            "label": "computer network"
        },
        {
            "qid": "Q189210",
            "label": "web application"
        },
        {
            "qid": "Q41455",
            "label": "computer science"
        },
        {
            "qid": "Q8366",
            "label": "algorithm"
        },
        {
            "qid": "Q166142",
            "label": "application"
        },
        {
            "qid": "Q215627",
            "label": "person"
        },
        {
            "qid": "Q55990535",
            "label": "computer model"
        },
        {
            "qid": "Q1709010",
            "label": "software engineer"
        },
        {
            "qid": "Q9135",
            "label": "operating system"
        },
        {
            "qid": "Q4169",
            "label": "outer space"
        },
        {
            "qid": "Q634",
            "label": "planet"
        },
        {
            "qid": "Q2488",
            "label": "spiral galaxy"
        },
        {
            "qid": "Q8928",
            "label": "constellation"
        },
        {
            "qid": "Q109228604",
            "label": "Celestial bodies"
        },
        {
            "qid": "Q3863",
            "label": "asteroid"
        },
        {
            "qid": "Q11631",
            "label": "astronaut"
        },
        {
            "qid": "Q2133344",
            "label": "space mission"
        },
        {
            "qid": "Q62832",
            "label": "observatory"
        },
        {
            "qid": "Q40218",
            "label": "Spacecraft"
        },
        {
            "qid": "Q5916",
            "label": "spaceflight"
        },
        {
            "qid": "Q17444909",
            "label": "astronomical object type"
        },
        {
            "qid": "Q82794",
            "label": "geographic region"
        },
        {
            "qid": "Q7188",
            "label": "government"
        },
        {
            "qid": "Q4164871",
            "label": "position"
        },
        {
            "qid": "Q48352",
            "label": "head of state"
        },
        {
            "qid": "Q2285706",
            "label": "head of government"
        },
        {
            "qid": "Q7278",
            "label": "political party"
        },
        {
            "qid": "Q40231",
            "label": "Public election"
        },
        {
            "qid": "Q7275",
            "label": "state"
        },
        {
            "qid": "Q28819924",
            "label": "political alignment"
        },
        {
            "qid": "Q30461",
            "label": "president"
        },
        {
            "qid": "Q12909644",
            "label": "political ideology"
        },
        {
            "qid": "Q15091377",
            "label": "cycling race"
        },
        {
            "qid": "Q131681",
            "label": "reservoir"
        },
        {
            "qid": "Q52105",
            "label": "Habitat"
        },
        {
            "qid": "Q12323",
            "label": "dam"
        },
        {
            "qid": "Q166620",
            "label": "drainage basin"
        },
        {
            "qid": "Q46831",
            "label": "mountain range"
        },
        {
            "qid": "Q8502",
            "label": "mountain"
        },
        {
            "qid": "Q16521",
            "label": "taxon"
        },
        {
            "qid": "Q355304",
            "label": "watercourse"
        },
        {
            "qid": "Q82673",
            "label": "conservation status"
        },
        {
            "qid": "Q15324",
            "label": "body of water"
        },
        {
            "qid": "Q1040689",
            "label": "synonym"
        }
    ],
    "relations": [
        {
            "pid": "P172",
            "label": "ethnic group",
            "domain": "Q5",
            "range": "Q41710"
        },
        {
            "pid": "P611",
            "label": "religious order",
            "domain": "Q9174",
            "range": "Q9174"
        },
        {
            "pid": "P1412",
            "label": "languages spoken, written or signed",
            "domain": "Q5",
            "range": "Q34770"
        },
        {
            "pid": "P571",
            "label": "inception",
            "domain": "Q8242",
            "range": ""
        },
        {
            "pid": "P580",
            "label": "start time",
            "domain": "Q132241",
            "range": ""
        },
        {
            "pid": "P825",
            "label": "dedicated to",
            "domain": "Q735",
            "range": "Q5"
        },
        {
            "pid": "P4185",
            "label": "iconographic symbol",
            "domain": "Q5",
            "range": ""
        },
        {
            "pid": "P2341",
            "label": "indigenous to",
            "domain": "Q11639",
            "range": ""
        },
        {
            "pid": "P57",
            "label": "director",
            "domain": "Q11424",
            "range": "Q5"
        },
        {
            "pid": "P58",
            "label": "screenwriter",
            "domain": "Q11424",
            "range": "Q5"
        },
        {
            "pid": "P136",
            "label": "genre",
            "domain": "Q11424",
            "range": "Q483394"
        },
        {
            "pid": "P144",
            "label": "based on",
            "domain": "Q11424",
            "range": "Q47461344"
        },
        {
            "pid": "P161",
            "label": "cast member",
            "domain": "Q11424",
            "range": "Q5"
        },
        {
            "pid": "P166",
            "label": "award received",
            "domain": "Q11424",
            "range": "Q618779"
        },
        {
            "pid": "P272",
            "label": "production company",
            "domain": "Q11424",
            "range": "Q1762059"
        },
        {
            "pid": "P495",
            "label": "country of origin",
            "domain": "Q11424",
            "range": "Q6256"
        },
        {
            "pid": "P577",
            "label": "publication date",
            "domain": "Q11424",
            "range": ""
        },
        {
            "pid": "P674",
            "label": "characters",
            "domain": "Q11424",
            "range": "Q15773347"
        },
        {
            "pid": "P840",
            "label": "narrative location",
            "domain": "Q11424",
            "range": "Q515"
        },
        {
            "pid": "P915",
            "label": "filming location",
            "domain": "Q11424",
            "range": "Q515"
        },
        {
            "pid": "P921",
            "label": "main subject",
            "domain": "Q11424",
            "range": ""
        },
        {
            "pid": "P1411",
            "label": "nominated for",
            "domain": "Q11424",
            "range": "Q618779"
        },
        {
            "pid": "P2130",
            "label": "cost",
            "domain": "Q11424",
            "range": ""
        },
        {
            "pid": "P86",
            "label": "composer",
            "domain": "Q2188189",
            "range": "Q5"
        },
        {
            "pid": "P361",
            "label": "part of",
            "domain": "Q2188189",
            "range": "Q482994"
        },
        {
            "pid": "P676",
            "label": "lyrics by",
            "domain": "Q2188189",
            "range": "Q5"
        },
        {
            "pid": "P577",
            "label": "publication date",
            "domain": "Q2188189",
            "range": ""
        },
        {
            "pid": "P407",
            "label": "language of work or name",
            "domain": "Q2188189",
            "range": "Q34770"
        },
        {
            "pid": "P412",
            "label": "voice type",
            "domain": "Q5",
            "range": "Q7390"
        },
        {
            "pid": "P870",
            "label": "instrumentation",
            "domain": "Q2188189",
            "range": ""
        },
        {
            "pid": "P658",
            "label": "tracklist",
            "domain": "Q482994",
            "range": "Q2188189"
        },
        {
            "pid": "P136",
            "label": "genre",
            "domain": "Q2188189",
            "range": "Q188451"
        },
        {
            "pid": "P175",
            "label": "performer",
            "domain": "Q2188189",
            "range": ""
        },
        {
            "pid": "P162",
            "label": "producer",
            "domain": "Q482994",
            "range": ""
        },
        {
            "pid": "P1411",
            "label": "nominated for",
            "domain": "Q482994",
            "range": "Q618779"
        },
        {
            "pid": "P264",
            "label": "record label",
            "domain": "Q482994",
            "range": ""
        },
        {
            "pid": "P106",
            "label": "occupation",
            "domain": "Q5",
            "range": "Q2066131"
        },
        {
            "pid": "P641",
            "label": "sport",
            "domain": "Q13406554",
            "range": "Q349"
        },
        {
            "pid": "P54",
            "label": "member of sports team",
            "domain": "Q5",
            "range": "Q847017"
        },
        {
            "pid": "P1532",
            "label": "country for sport",
            "domain": "Q5",
            "range": "Q6256"
        },
        {
            "pid": "P3450",
            "label": "sports season of league or competition",
            "domain": "Q27020041",
            "range": "Q500834"
        },
        {
            "pid": "P6087",
            "label": "coach of sports team",
            "domain": "Q5",
            "range": "Q847017"
        },
        {
            "pid": "P118",
            "label": "league",
            "domain": "Q5",
            "range": "Q15991290"
        },
        {
            "pid": "P159",
            "label": "home venue",
            "domain": "Q847017",
            "range": "Q23764314"
        },
        {
            "pid": "P495",
            "label": "country of origin ",
            "domain": "Q349",
            "range": "Q6256"
        },
        {
            "pid": "P118",
            "label": "league",
            "domain": "Q5",
            "range": "Q623109"
        },
        {
            "pid": "P2094",
            "label": "competition class",
            "domain": "Q4438121",
            "range": ""
        },
        {
            "pid": "P110",
            "label": "illustrator",
            "domain": "Q47461344",
            "range": "Q5"
        },
        {
            "pid": "P156",
            "label": "followed by",
            "domain": "Q47461344",
            "range": "Q47461344"
        },
        {
            "pid": "P577",
            "label": "publication date",
            "domain": "Q571",
            "range": ""
        },
        {
            "pid": "P50",
            "label": "author",
            "domain": "Q571",
            "range": "Q5"
        },
        {
            "pid": "P123",
            "label": "publisher",
            "domain": "Q571",
            "range": "Q2085381"
        },
        {
            "pid": "P674",
            "label": "characters",
            "domain": "Q7725634",
            "range": "Q95074"
        },
        {
            "pid": "P98",
            "label": "editor",
            "domain": "Q685935",
            "range": "Q5"
        },
        {
            "pid": "P291",
            "label": "place of publication",
            "domain": "Q47461344",
            "range": "Q82794"
        },
        {
            "pid": "P840",
            "label": "narrative location",
            "domain": "Q7725634",
            "range": "Q4835091"
        },
        {
            "pid": "P136",
            "label": "genre",
            "domain": "Q7725634",
            "range": "Q223393"
        },
        {
            "pid": "P407",
            "label": "language of work or name",
            "domain": "Q7725634",
            "range": "Q34770"
        },
        {
            "pid": "P180",
            "label": "depicts",
            "domain": "Q47461344",
            "range": ""
        },
        {
            "pid": "P410",
            "label": "military rank",
            "domain": "Q5",
            "range": "Q56019"
        },
        {
            "pid": "P241",
            "label": "military branch",
            "domain": "Q5",
            "range": "Q176799"
        },
        {
            "pid": "P1347",
            "label": "military casualty classification ",
            "domain": "Q5",
            "range": "Q16861376"
        },
        {
            "pid": "P287",
            "label": "designed by",
            "domain": "Q18643213",
            "range": "Q43229"
        },
        {
            "pid": "P287",
            "label": "designed by",
            "domain": "Q1184840",
            "range": "Q43229"
        },
        {
            "pid": "P4791",
            "label": "commanded by",
            "domain": "Q2008856",
            "range": "Q5"
        },
        {
            "pid": "P3730",
            "label": "next higher rank",
            "domain": "Q56019",
            "range": "Q4189293"
        },
        {
            "pid": "P3461",
            "label": "designated as terrorist by",
            "domain": "Q17149090",
            "range": "Q6256"
        },
        {
            "pid": "P1654",
            "label": "wing configuration",
            "domain": "Q11436",
            "range": ""
        },
        {
            "pid": "P178",
            "label": "developer",
            "domain": "Q7397",
            "range": "Q4830453"
        },
        {
            "pid": "P170",
            "label": "creator",
            "domain": "Q166142",
            "range": "Q5"
        },
        {
            "pid": "P400",
            "label": "platform",
            "domain": "Q7397",
            "range": "Q68"
        },
        {
            "pid": "P306",
            "label": "operating system",
            "domain": "Q55990535",
            "range": "Q9135"
        },
        {
            "pid": "P65",
            "label": "site of astronomical discovery",
            "domain": "Q3863",
            "range": "Q62832"
        },
        {
            "pid": "P196",
            "label": "minor planet group",
            "domain": "Q3863",
            "range": "Q17444909"
        },
        {
            "pid": "P59",
            "label": "constellation",
            "domain": "Q2488",
            "range": "Q8928"
        },
        {
            "pid": "P450",
            "label": "astronaut mission",
            "domain": "Q5",
            "range": "Q5916"
        },
        {
            "pid": "P622",
            "label": "spacecraft docking/undocking date",
            "domain": "Q40218",
            "range": ""
        },
        {
            "pid": "P3015",
            "label": "backup or reserve team or crew",
            "domain": "Q5916",
            "range": "Q5"
        },
        {
            "pid": "P1158",
            "label": "location of landing",
            "domain": "Q40218",
            "range": "Q82794"
        },
        {
            "pid": "P35",
            "label": "head of state",
            "domain": "Q6256",
            "range": "Q5"
        },
        {
            "pid": "P6",
            "label": "head of government",
            "domain": "Q6256",
            "range": "Q5"
        },
        {
            "pid": "P39",
            "label": "position held",
            "domain": "Q5",
            "range": "Q30461"
        },
        {
            "pid": "P463",
            "label": "Member of",
            "domain": "Q5",
            "range": "Q43229"
        },
        {
            "pid": "P1387",
            "label": "political alignment",
            "domain": "Q7278",
            "range": "Q28819924"
        },
        {
            "pid": "P102",
            "label": "member of political party",
            "domain": "Q5",
            "range": "Q7278"
        },
        {
            "pid": "P2715",
            "label": "elected in",
            "domain": "Q5",
            "range": "Q40231"
        },
        {
            "pid": "P3602",
            "label": "candidacy in election",
            "domain": "Q5",
            "range": "Q40231"
        },
        {
            "pid": "P1142",
            "label": "political ideology",
            "domain": "Q7278",
            "range": "Q12909644"
        },
        {
            "pid": "P171",
            "label": "parent taxon",
            "domain": "Q16521",
            "range": "Q16521"
        },
        {
            "pid": "P4552",
            "label": "mountain range",
            "domain": "Q8502",
            "range": "Q46831"
        },
        {
            "pid": "P3137",
            "label": "parent peak",
            "domain": "Q8502",
            "range": "Q8502"
        },
        {
            "pid": "P1843",
            "label": "taxon common name",
            "domain": "Q7432",
            "range": ""
        },
        {
            "pid": "P974",
            "label": "tributary",
            "domain": "Q355304",
            "range": "Q355304"
        },
        {
            "pid": "P885",
            "label": "origin of the watercourse",
            "domain": "Q355304",
            "range": "Q15324"
        },
        {
            "pid": "P403",
            "label": "mouth of the watercourse",
            "domain": "Q355304",
            "range": "Q355304"
        },
        {
            "pid": "P141",
            "label": "IUCN conservation status",
            "domain": "Q16521",
            "range": "Q82673"
        },
        {
            "pid": "P1420",
            "label": "taxon synonym",
            "domain": "Q16521",
            "range": "Q1040689"
        },
        {
            "pid": "P4661",
            "label": "reservoir created",
            "domain": "Q12323",
            "range": "Q131681"
        },
        {
            "pid": "P4614",
            "label": "drainage basin",
            "domain": "Q355304",
            "range": "Q166620"
        },
        {
            "pid": "P4320",
            "label": "mountains classification ",
            "domain": "Q15091377",
            "range": "Q5"
        },
        {
            "pid": "P2974",
            "label": "Habitat",
            "domain": "Q16521",
            "range": "Q15324"
        }
    ]
}